CVE_MUN,CVE_LOC,actividad,nombre_act,neg_tot,CVE_ENT,NOM_ENT,NOM_MUN,NOM_LOC,POBTOT,deci_lon,deci_lat
02001,020010001,"Agricultura, cria y explotacion de animales, aprovechamiento forestal, pesca y caza",Otros servicios relacionados con la agricultura,1,02,Baja California,Ensenada,Ensenada,330652,-116.59513388888888,31.80894388888889
02001,020010001,"Agricultura, cria y explotacion de animales, aprovechamiento forestal, pesca y caza",Servicios relacionados con la cría y explotación de animales,1,02,Baja California,Ensenada,Ensenada,330652,-116.59513388888888,31.80894388888889
02001,020010095,"Agricultura, cria y explotacion de animales, aprovechamiento forestal, pesca y caza",Beneficio de productos agrícolas,1,02,Baja California,Ensenada,Ejido Eréndira,1711,-116.371395,31.27332361111111
02001,020010139,"Agricultura, cria y explotacion de animales, aprovechamiento forestal, pesca y caza",Beneficio de productos agrícolas,2,02,Baja California,Ensenada,Rodolfo Sánchez Taboada (Maneadero),27969,-116.57149055555556,31.72355083333333
02001,020010139,"Agricultura, cria y explotacion de animales, aprovechamiento forestal, pesca y caza",Otros servicios relacionados con la agricultura,6,02,Baja California,Ensenada,Rodolfo Sánchez Taboada (Maneadero),27969,-116.57149055555556,31.72355083333333
02001,020010184,"Agricultura, cria y explotacion de animales, aprovechamiento forestal, pesca y caza",Servicios de fumigación agrícola,1,02,Baja California,Ensenada,Coronel Esteban Cantú,545,-116.64096888888888,31.7052275
02001,020010186,"Agricultura, cria y explotacion de animales, aprovechamiento forestal, pesca y caza",Beneficio de productos agrícolas,3,02,Baja California,Ensenada,Ejido Punta Colnett (Punta Colonet),3095,-116.21029916666669,31.070360555555556
02001,020010190,"Agricultura, cria y explotacion de animales, aprovechamiento forestal, pesca y caza",Otros servicios relacionados con la agricultura,1,02,Baja California,Ensenada,Real del Castillo Nuevo (Ojos Negros),2707,-116.27099555555556,31.91009111111111
02002,020020001,"Agricultura, cria y explotacion de animales, aprovechamiento forestal, pesca y caza",Beneficio de productos agrícolas,1,02,Baja California,Mexicali,Mexicali,854186,-115.47557888888888,32.641175833333335
02002,020020001,"Agricultura, cria y explotacion de animales, aprovechamiento forestal, pesca y caza",Otros servicios relacionados con la agricultura,1,02,Baja California,Mexicali,Mexicali,854186,-115.47557888888888,32.641175833333335
02002,020020001,"Agricultura, cria y explotacion de animales, aprovechamiento forestal, pesca y caza",Servicios de fumigación agrícola,1,02,Baja California,Mexicali,Mexicali,854186,-115.47557888888888,32.641175833333335
02002,020020001,"Agricultura, cria y explotacion de animales, aprovechamiento forestal, pesca y caza",Servicios relacionados con la cría y explotación de animales,1,02,Baja California,Mexicali,Mexicali,854186,-115.47557888888888,32.641175833333335
02002,020020185,"Agricultura, cria y explotacion de animales, aprovechamiento forestal, pesca y caza",Otros servicios relacionados con la agricultura,1,02,Baja California,Mexicali,Ciudad Guadalupe Victoria (Kilómetro Cuarenta y Tres),19081,-115.10306583333332,32.28849833333333
02002,020020192,"Agricultura, cria y explotacion de animales, aprovechamiento forestal, pesca y caza",Servicios de fumigación agrícola,1,02,Baja California,Mexicali,Ejido Hermosillo,5072,-114.92247083333334,32.51206583333333
02002,020020268,"Agricultura, cria y explotacion de animales, aprovechamiento forestal, pesca y caza",Despepite de algodón,1,02,Baja California,Mexicali,Ejido Hechicera,2843,-115.1543077777778,32.55209416666666
02002,020020461,"Agricultura, cria y explotacion de animales, aprovechamiento forestal, pesca y caza",Otros servicios relacionados con la agricultura,1,02,Baja California,Mexicali,Ciudad Coahuila (Kilómetro Cincuenta y Siete),6503,-115.00118833333332,32.19500166666666
02004,020040001,"Agricultura, cria y explotacion de animales, aprovechamiento forestal, pesca y caza",Beneficio de productos agrícolas,4,02,Baja California,Tijuana,Tijuana,1810645,-117.01891333333332,32.53246083333333
02004,020040001,"Agricultura, cria y explotacion de animales, aprovechamiento forestal, pesca y caza",Otros servicios relacionados con la agricultura,1,02,Baja California,Tijuana,Tijuana,1810645,-117.01891333333332,32.53246083333333
02004,020040001,"Agricultura, cria y explotacion de animales, aprovechamiento forestal, pesca y caza",Servicios de fumigación agrícola,4,02,Baja California,Tijuana,Tijuana,1810645,-117.01891333333332,32.53246083333333
02006,020060116,"Agricultura, cria y explotacion de animales, aprovechamiento forestal, pesca y caza",Otros servicios relacionados con la agricultura,2,02,Baja California,San Quintín,Ejido Lic. Luis Echeverría Álvarez (Chula Vista),1768,-116.00393527777776,30.747701666666668
02006,020060585,"Agricultura, cria y explotacion de animales, aprovechamiento forestal, pesca y caza",Otros servicios relacionados con la agricultura,1,02,Baja California,San Quintín,Lázaro Cárdenas,18829,-115.93194666666668,30.525980555555556
02006,020060630,"Agricultura, cria y explotacion de animales, aprovechamiento forestal, pesca y caza",Beneficio de productos agrícolas,2,02,Baja California,San Quintín,Nuevo Uruapan,1042,-115.70855083333332,30.07468972222222
02006,020060863,"Agricultura, cria y explotacion de animales, aprovechamiento forestal, pesca y caza",Otros servicios relacionados con la agricultura,3,02,Baja California,San Quintín,Vicente Guerrero,13876,-115.98928583333334,30.73202388888889
03001,030010001,"Agricultura, cria y explotacion de animales, aprovechamiento forestal, pesca y caza",Beneficio de productos agrícolas,3,03,Baja California Sur,Comondú,Ciudad Constitución,43805,-111.67333944444444,25.034635555555557
03001,030010001,"Agricultura, cria y explotacion de animales, aprovechamiento forestal, pesca y caza",Otros servicios relacionados con la agricultura,4,03,Baja California Sur,Comondú,Ciudad Constitución,43805,-111.67333944444444,25.034635555555557
03003,030030001,"Agricultura, cria y explotacion de animales, aprovechamiento forestal, pesca y caza",Servicios de fumigación agrícola,2,03,Baja California Sur,La Paz,La Paz,250141,-110.30659,24.148745
03003,030030001,"Agricultura, cria y explotacion de animales, aprovechamiento forestal, pesca y caza",Servicios relacionados con el aprovechamiento forestal,1,03,Baja California Sur,La Paz,La Paz,250141,-110.30659,24.148745
03003,030030092,"Agricultura, cria y explotacion de animales, aprovechamiento forestal, pesca y caza",Otros servicios relacionados con la agricultura,1,03,Baja California Sur,La Paz,El Centenario,6221,-110.4131275,24.10244861111111
03003,030030684,"Agricultura, cria y explotacion de animales, aprovechamiento forestal, pesca y caza",Beneficio de productos agrícolas,1,03,Baja California Sur,La Paz,El Pescadero,4245,-110.16752861111112,23.36417416666667
03008,030080001,"Agricultura, cria y explotacion de animales, aprovechamiento forestal, pesca y caza",Servicios de fumigación agrícola,1,03,Baja California Sur,Los Cabos,San José del Cabo,136285,-109.69474916666668,23.06159138888889
03008,030080054,"Agricultura, cria y explotacion de animales, aprovechamiento forestal, pesca y caza",Beneficio de productos agrícolas,1,03,Baja California Sur,Los Cabos,Cabo San Lucas,202694,-109.92518611111112,22.897018888888887
04002,040020001,"Agricultura, cria y explotacion de animales, aprovechamiento forestal, pesca y caza",Servicios de fumigación agrícola,1,04,Campeche,Campeche,San Francisco de Campeche,249623,-90.53964916666666,19.844814166666666
14022,140220001,"Agricultura, cria y explotacion de animales, aprovechamiento forestal, pesca y caza",Beneficio de productos agrícolas,1,14,Jalisco,Cihuatlán,Cihuatlán,18787,-104.56299777777778,19.238343333333333
14067,140670001,"Agricultura, cria y explotacion de animales, aprovechamiento forestal, pesca y caza",Beneficio de productos agrícolas,1,14,Jalisco,Puerto Vallarta,Puerto Vallarta,224166,-105.22722222222222,20.613611111111112
14067,140670001,"Agricultura, cria y explotacion de animales, aprovechamiento forestal, pesca y caza",Servicios de fumigación agrícola,1,14,Jalisco,Puerto Vallarta,Puerto Vallarta,224166,-105.22722222222222,20.613611111111112
14067,140670008,"Agricultura, cria y explotacion de animales, aprovechamiento forestal, pesca y caza",Servicios relacionados con la cría y explotación de animales,1,14,Jalisco,Puerto Vallarta,Mismaloya,561,-105.28959694444444,20.530943333333333
14067,140670031,"Agricultura, cria y explotacion de animales, aprovechamiento forestal, pesca y caza",Servicios relacionados con la cría y explotación de animales,1,14,Jalisco,Puerto Vallarta,Las Juntas,10242,-105.24303416666666,20.700530555555556
14100,141000001,"Agricultura, cria y explotacion de animales, aprovechamiento forestal, pesca y caza",Beneficio de productos agrícolas,1,14,Jalisco,Tomatlán,Tomatlán,9842,-105.2452725,19.941525
18004,180040001,"Agricultura, cria y explotacion de animales, aprovechamiento forestal, pesca y caza",Servicios relacionados con la cría y explotación de animales,1,18,Nayarit,Compostela,Compostela,20322,-104.90059722222225,21.237529722222224
18004,180040083,"Agricultura, cria y explotacion de animales, aprovechamiento forestal, pesca y caza",Beneficio de productos agrícolas,1,18,Nayarit,Compostela,Ixtapa de la Concepción,1412,-105.15612055555556,21.304926944444446
18008,180080001,"Agricultura, cria y explotacion de animales, aprovechamiento forestal, pesca y caza",Otros servicios relacionados con la agricultura,1,18,Nayarit,Xalisco,Xalisco,48170,-104.89973555555557,21.443687222222223
18010,180100035,"Agricultura, cria y explotacion de animales, aprovechamiento forestal, pesca y caza",Beneficio de productos agrícolas,1,18,Nayarit,Rosamorada,San Vicente,4758,-105.29778361111111,21.9486375
18012,180120029,"Agricultura, cria y explotacion de animales, aprovechamiento forestal, pesca y caza",Beneficio de productos agrícolas,1,18,Nayarit,San Blas,El Llano,1259,-105.1780102777778,21.41886138888889
18012,180120032,"Agricultura, cria y explotacion de animales, aprovechamiento forestal, pesca y caza",Beneficio de productos agrícolas,1,18,Nayarit,San Blas,Mecatán,2826,-105.1195072222222,21.53643138888889
18012,180120035,"Agricultura, cria y explotacion de animales, aprovechamiento forestal, pesca y caza",Beneficio de productos agrícolas,1,18,Nayarit,San Blas,La Palma,1222,-105.17946583333334,21.4904025
18012,180120043,"Agricultura, cria y explotacion de animales, aprovechamiento forestal, pesca y caza",Beneficio de productos agrícolas,1,18,Nayarit,San Blas,Santa Cruz de Miramar,1722,-105.19778861111112,21.43257
18012,180120059,"Agricultura, cria y explotacion de animales, aprovechamiento forestal, pesca y caza",Beneficio de productos agrícolas,1,18,Nayarit,San Blas,La Manzanilla,18,-105.19063333333334,21.44165277777778
18012,180120245,"Agricultura, cria y explotacion de animales, aprovechamiento forestal, pesca y caza",Beneficio de productos agrícolas,1,18,Nayarit,San Blas,Chanón [Empacadora],14,-105.08287277777778,21.496143611111112
18015,180150001,"Agricultura, cria y explotacion de animales, aprovechamiento forestal, pesca y caza",Beneficio de productos agrícolas,1,18,Nayarit,Santiago Ixcuintla,Santiago Ixcuintla,18023,-105.20604444444444,21.808335833333334
18015,180150052,"Agricultura, cria y explotacion de animales, aprovechamiento forestal, pesca y caza",Beneficio de productos agrícolas,1,18,Nayarit,Santiago Ixcuintla,La Presa,4863,-105.2030577777778,21.801766944444445
18015,180150068,"Agricultura, cria y explotacion de animales, aprovechamiento forestal, pesca y caza",Otros servicios relacionados con la agricultura,1,18,Nayarit,Santiago Ixcuintla,Sauta,2426,-105.14245722222223,21.721387777777775
18015,180150080,"Agricultura, cria y explotacion de animales, aprovechamiento forestal, pesca y caza",Otros servicios relacionados con la agricultura,1,18,Nayarit,Santiago Ixcuintla,Villa Hidalgo,9478,-105.2343136111111,21.739425555555556
23004,230040001,"Agricultura, cria y explotacion de animales, aprovechamiento forestal, pesca y caza",Servicios relacionados con la cría y explotación de animales,1,23,Quintana Roo,Othón P. Blanco,Chetumal,169028,-88.29789888888888,18.493889444444445
23005,230050001,"Agricultura, cria y explotacion de animales, aprovechamiento forestal, pesca y caza",Beneficio de productos agrícolas,1,23,Quintana Roo,Benito Juárez,Cancún,888797,-86.8248111111111,21.16141611111111
23005,230050001,"Agricultura, cria y explotacion de animales, aprovechamiento forestal, pesca y caza",Otros servicios relacionados con la agricultura,1,23,Quintana Roo,Benito Juárez,Cancún,888797,-86.8248111111111,21.16141611111111
23005,230050001,"Agricultura, cria y explotacion de animales, aprovechamiento forestal, pesca y caza",Servicios de fumigación agrícola,1,23,Quintana Roo,Benito Juárez,Cancún,888797,-86.8248111111111,21.16141611111111
23005,230050001,"Agricultura, cria y explotacion de animales, aprovechamiento forestal, pesca y caza",Servicios relacionados con el aprovechamiento forestal,1,23,Quintana Roo,Benito Juárez,Cancún,888797,-86.8248111111111,21.16141611111111
23008,230080001,"Agricultura, cria y explotacion de animales, aprovechamiento forestal, pesca y caza",Servicios de fumigación agrícola,2,23,Quintana Roo,Solidaridad,Playa del Carmen,304942,-87.07549999999999,20.6281425
25001,250010001,"Agricultura, cria y explotacion de animales, aprovechamiento forestal, pesca y caza",Beneficio de productos agrícolas,1,25,Sinaloa,Ahome,Los Mochis,298009,-108.99434277777776,25.783416944444447
25001,250010001,"Agricultura, cria y explotacion de animales, aprovechamiento forestal, pesca y caza",Otros servicios relacionados con la agricultura,12,25,Sinaloa,Ahome,Los Mochis,298009,-108.99434277777776,25.783416944444447
25001,250010001,"Agricultura, cria y explotacion de animales, aprovechamiento forestal, pesca y caza",Servicios de fumigación agrícola,4,25,Sinaloa,Ahome,Los Mochis,298009,-108.99434277777776,25.783416944444447
25001,250010070,"Agricultura, cria y explotacion de animales, aprovechamiento forestal, pesca y caza",Otros servicios relacionados con la agricultura,1,25,Sinaloa,Ahome,Ahome,11851,-109.17469777777778,25.920549722222223
25001,250010156,"Agricultura, cria y explotacion de animales, aprovechamiento forestal, pesca y caza",Otros servicios relacionados con la agricultura,2,25,Sinaloa,Ahome,Gustavo Díaz Ordaz (El Carrizo),4850,-109.03632361111111,26.270023055555555
25001,250010160,"Agricultura, cria y explotacion de animales, aprovechamiento forestal, pesca y caza",Beneficio de productos agrícolas,2,25,Sinaloa,Ahome,Higuera de Zaragoza,9464,-109.29673305555556,25.966262222222223
25001,250010160,"Agricultura, cria y explotacion de animales, aprovechamiento forestal, pesca y caza",Otros servicios relacionados con la agricultura,1,25,Sinaloa,Ahome,Higuera de Zaragoza,9464,-109.29673305555556,25.966262222222223
25001,250010844,"Agricultura, cria y explotacion de animales, aprovechamiento forestal, pesca y caza",Beneficio de productos agrícolas,1,25,Sinaloa,Ahome,San Felipe [Empaque],24,-108.89119916666668,25.87071694444445
25002,250020001,"Agricultura, cria y explotacion de animales, aprovechamiento forestal, pesca y caza",Otros servicios relacionados con la agricultura,1,25,Sinaloa,Angostura,Angostura,5457,-108.15948861111112,25.36436
25002,250020007,"Agricultura, cria y explotacion de animales, aprovechamiento forestal, pesca y caza",Beneficio de productos agrícolas,1,25,Sinaloa,Angostura,Alhuey,2569,-108.13260055555556,25.3777525
25002,250020093,"Agricultura, cria y explotacion de animales, aprovechamiento forestal, pesca y caza",Beneficio de productos agrícolas,1,25,Sinaloa,Angostura,La Reforma,6596,-108.0538725,25.080774722222223
25006,250060001,"Agricultura, cria y explotacion de animales, aprovechamiento forestal, pesca y caza",Despepite de algodón,1,25,Sinaloa,Culiacán,Culiacán Rosales,808416,-107.39375611111112,24.808808055555556
25006,250060001,"Agricultura, cria y explotacion de animales, aprovechamiento forestal, pesca y caza",Otros servicios relacionados con la agricultura,4,25,Sinaloa,Culiacán,Culiacán Rosales,808416,-107.39375611111112,24.808808055555556
25006,250060001,"Agricultura, cria y explotacion de animales, aprovechamiento forestal, pesca y caza",Servicios de fumigación agrícola,5,25,Sinaloa,Culiacán,Culiacán Rosales,808416,-107.39375611111112,24.808808055555556
25006,250060321,"Agricultura, cria y explotacion de animales, aprovechamiento forestal, pesca y caza",Otros servicios relacionados con la agricultura,1,25,Sinaloa,Culiacán,Culiacancito,4466,-107.53429972222222,24.821962777777777
25006,250060341,"Agricultura, cria y explotacion de animales, aprovechamiento forestal, pesca y caza",Beneficio de productos agrícolas,1,25,Sinaloa,Culiacán,Eldorado,14772,-107.36294416666668,24.322975555555555
25006,250061325,"Agricultura, cria y explotacion de animales, aprovechamiento forestal, pesca y caza",Beneficio de productos agrícolas,1,25,Sinaloa,Culiacán,Paralelo Treinta y Ocho [Empaque Agrícola],181,-107.50405111111112,24.592730277777775
25006,250061346,"Agricultura, cria y explotacion de animales, aprovechamiento forestal, pesca y caza",Beneficio de productos agrícolas,3,25,Sinaloa,Culiacán,El Diez,8427,-107.44758583333332,24.727763888888887
25006,250061346,"Agricultura, cria y explotacion de animales, aprovechamiento forestal, pesca y caza",Otros servicios relacionados con la agricultura,2,25,Sinaloa,Culiacán,El Diez,8427,-107.44758583333332,24.727763888888887
25006,250061346,"Agricultura, cria y explotacion de animales, aprovechamiento forestal, pesca y caza",Servicios relacionados con la cría y explotación de animales,1,25,Sinaloa,Culiacán,El Diez,8427,-107.44758583333332,24.727763888888887
25006,250061366,"Agricultura, cria y explotacion de animales, aprovechamiento forestal, pesca y caza",Beneficio de productos agrícolas,1,25,Sinaloa,Culiacán,Campo la Flor,439,-107.48302777777778,24.659942777777776
25009,250090001,"Agricultura, cria y explotacion de animales, aprovechamiento forestal, pesca y caza",Beneficio de productos agrícolas,2,25,Sinaloa,Escuinapa,Escuinapa de Hidalgo,33924,-105.77787583333333,22.83505138888889
25011,250110001,"Agricultura, cria y explotacion de animales, aprovechamiento forestal, pesca y caza",Otros servicios relacionados con la agricultura,3,25,Sinaloa,Guasave,Guasave,77849,-108.4718175,25.56554722222222
25011,250110035,"Agricultura, cria y explotacion de animales, aprovechamiento forestal, pesca y caza",Servicios de fumigación agrícola,1,25,Sinaloa,Guasave,Adolfo Ruiz Cortines,14623,-108.71814083333334,25.70457972222222
25011,250110064,"Agricultura, cria y explotacion de animales, aprovechamiento forestal, pesca y caza",Otros servicios relacionados con la agricultura,1,25,Sinaloa,Guasave,El Burrión,4042,-108.41102027777778,25.53926777777778
25011,250110093,"Agricultura, cria y explotacion de animales, aprovechamiento forestal, pesca y caza",Beneficio de productos agrícolas,1,25,Sinaloa,Guasave,Corerepe (El Gallo),3461,-108.71592166666667,25.627005
25011,250110132,"Agricultura, cria y explotacion de animales, aprovechamiento forestal, pesca y caza",Otros servicios relacionados con la agricultura,2,25,Sinaloa,Guasave,Gabriel Leyva Solano (Benito Juárez),25157,-108.6385863888889,25.66433083333333
25012,250120001,"Agricultura, cria y explotacion de animales, aprovechamiento forestal, pesca y caza",Beneficio de productos agrícolas,1,25,Sinaloa,Mazatlán,Mazatlán,441975,-106.4222213888889,23.20031583333333
25018,250180001,"Agricultura, cria y explotacion de animales, aprovechamiento forestal, pesca y caza",Beneficio de productos agrícolas,1,25,Sinaloa,Navolato,Navolato,30796,-107.69676027777778,24.767218888888888
25018,250180001,"Agricultura, cria y explotacion de animales, aprovechamiento forestal, pesca y caza",Otros servicios relacionados con la agricultura,3,25,Sinaloa,Navolato,Navolato,30796,-107.69676027777778,24.767218888888888
25018,250180037,"Agricultura, cria y explotacion de animales, aprovechamiento forestal, pesca y caza",Servicios relacionados con la cría y explotación de animales,1,25,Sinaloa,Navolato,El Diecisiete,134,-107.60314166666666,24.81700805555555
25018,250180091,"Agricultura, cria y explotacion de animales, aprovechamiento forestal, pesca y caza",Beneficio de productos agrícolas,1,25,Sinaloa,Navolato,General Ángel Flores (La Palma),10978,-107.65360361111112,24.817831388888887
25018,250180364,"Agricultura, cria y explotacion de animales, aprovechamiento forestal, pesca y caza",Beneficio de productos agrícolas,1,25,Sinaloa,Navolato,La Sinaloa,998,-107.62423444444444,24.768240833333333
26012,260120082,"Agricultura, cria y explotacion de animales, aprovechamiento forestal, pesca y caza",Otros servicios relacionados con la agricultura,1,26,Sonora,Bácum,Francisco Javier Mina (Campo 60),6338,-110.11127583333332,27.46125333333333
26017,260170001,"Agricultura, cria y explotacion de animales, aprovechamiento forestal, pesca y caza",Beneficio de productos agrícolas,2,26,Sonora,Caborca,Heroica Caborca,67604,-112.14835472222222,30.714073888888887
26017,260170001,"Agricultura, cria y explotacion de animales, aprovechamiento forestal, pesca y caza",Otros servicios relacionados con la agricultura,2,26,Sonora,Caborca,Heroica Caborca,67604,-112.14835472222222,30.714073888888887
26017,260170246,"Agricultura, cria y explotacion de animales, aprovechamiento forestal, pesca y caza",Beneficio de productos agrícolas,1,26,Sonora,Caborca,Plutarco Elías Calles (La Y Griega),5159,-112.72108,30.80955611111111
26018,260180001,"Agricultura, cria y explotacion de animales, aprovechamiento forestal, pesca y caza",Beneficio de productos agrícolas,3,26,Sonora,Cajeme,Ciudad Obregón,329404,-109.93271611111112,27.49648888888889
26018,260180001,"Agricultura, cria y explotacion de animales, aprovechamiento forestal, pesca y caza",Despepite de algodón,1,26,Sonora,Cajeme,Ciudad Obregón,329404,-109.93271611111112,27.49648888888889
26018,260180001,"Agricultura, cria y explotacion de animales, aprovechamiento forestal, pesca y caza",Otros servicios relacionados con la agricultura,10,26,Sonora,Cajeme,Ciudad Obregón,329404,-109.93271611111112,27.49648888888889
26018,260180311,"Agricultura, cria y explotacion de animales, aprovechamiento forestal, pesca y caza",Servicios de fumigación agrícola,1,26,Sonora,Cajeme,Esperanza,39164,-109.9305275,27.580675555555555
26018,260180403,"Agricultura, cria y explotacion de animales, aprovechamiento forestal, pesca y caza",Otros servicios relacionados con la agricultura,3,26,Sonora,Cajeme,Pueblo Yaqui,14173,-110.033485,27.356001111111112
26018,260181977,"Agricultura, cria y explotacion de animales, aprovechamiento forestal, pesca y caza",Otros servicios relacionados con la agricultura,1,26,Sonora,Cajeme,Los Machochos,17,-109.93318166666668,27.187317222222223
26026,260260001,"Agricultura, cria y explotacion de animales, aprovechamiento forestal, pesca y caza",Otros servicios relacionados con la agricultura,1,26,Sonora,Etchojoa,Etchojoa,9831,-109.62527777777775,26.910833333333333
26029,260290001,"Agricultura, cria y explotacion de animales, aprovechamiento forestal, pesca y caza",Otros servicios relacionados con la agricultura,1,26,Sonora,Guaymas,Heroica Guaymas,117253,-110.88944472222222,27.923248611111113
26029,260290202,"Agricultura, cria y explotacion de animales, aprovechamiento forestal, pesca y caza",Beneficio de productos agrícolas,1,26,Sonora,Guaymas,Pótam,7044,-110.4170677777778,27.62519111111111
26030,260300001,"Agricultura, cria y explotacion de animales, aprovechamiento forestal, pesca y caza",Beneficio de productos agrícolas,13,26,Sonora,Hermosillo,Hermosillo,855563,-110.95846361111111,29.074891666666662
26030,260300001,"Agricultura, cria y explotacion de animales, aprovechamiento forestal, pesca y caza",Otros servicios relacionados con la agricultura,6,26,Sonora,Hermosillo,Hermosillo,855563,-110.95846361111111,29.074891666666662
26030,260300001,"Agricultura, cria y explotacion de animales, aprovechamiento forestal, pesca y caza",Servicios de fumigación agrícola,3,26,Sonora,Hermosillo,Hermosillo,855563,-110.95846361111111,29.074891666666662
26030,260300001,"Agricultura, cria y explotacion de animales, aprovechamiento forestal, pesca y caza",Servicios relacionados con la cría y explotación de animales,6,26,Sonora,Hermosillo,Hermosillo,855563,-110.95846361111111,29.074891666666662
26030,260300535,"Agricultura, cria y explotacion de animales, aprovechamiento forestal, pesca y caza",Servicios relacionados con la cría y explotación de animales,1,26,Sonora,Hermosillo,San Pedro o el Saucito (San Pedro el Saucito),3366,-110.88580805555556,29.18065777777778
26030,260300669,"Agricultura, cria y explotacion de animales, aprovechamiento forestal, pesca y caza",Beneficio de productos agrícolas,2,26,Sonora,Hermosillo,La Victoria,2237,-110.89150555555555,29.123075
26030,260302000,"Agricultura, cria y explotacion de animales, aprovechamiento forestal, pesca y caza",Beneficio de productos agrícolas,1,26,Sonora,Hermosillo,Santa Inés Dos (Pozo Nuevo),14,-111.47731333333334,29.042884444444447
26030,260303081,"Agricultura, cria y explotacion de animales, aprovechamiento forestal, pesca y caza",Beneficio de productos agrícolas,1,26,Sonora,Hermosillo,El Mezquital del Oro (El Águila),27,-111.14664916666668,29.03221138888889
26033,260330001,"Agricultura, cria y explotacion de animales, aprovechamiento forestal, pesca y caza",Beneficio de productos agrícolas,1,26,Sonora,Huatabampo,Huatabampo,30324,-109.64415333333334,26.82689694444445
26042,260420001,"Agricultura, cria y explotacion de animales, aprovechamiento forestal, pesca y caza",Beneficio de productos agrícolas,1,26,Sonora,Navojoa,Navojoa,120926,-109.44554611111111,27.0815975
26042,260420001,"Agricultura, cria y explotacion de animales, aprovechamiento forestal, pesca y caza",Otros servicios relacionados con la agricultura,5,26,Sonora,Navojoa,Navojoa,120926,-109.44554611111111,27.0815975
26042,260420001,"Agricultura, cria y explotacion de animales, aprovechamiento forestal, pesca y caza",Servicios de fumigación agrícola,1,26,Sonora,Navojoa,Navojoa,120926,-109.44554611111111,27.0815975
26055,260550001,"Agricultura, cria y explotacion de animales, aprovechamiento forestal, pesca y caza",Beneficio de productos agrícolas,4,26,Sonora,San Luis Río Colorado,San Luis Río Colorado,176685,-114.77962444444444,32.47983111111111
26055,260550001,"Agricultura, cria y explotacion de animales, aprovechamiento forestal, pesca y caza",Despepite de algodón,1,26,Sonora,San Luis Río Colorado,San Luis Río Colorado,176685,-114.77962444444444,32.47983111111111
26055,260550001,"Agricultura, cria y explotacion de animales, aprovechamiento forestal, pesca y caza",Otros servicios relacionados con la agricultura,1,26,Sonora,San Luis Río Colorado,San Luis Río Colorado,176685,-114.77962444444444,32.47983111111111
26055,260550001,"Agricultura, cria y explotacion de animales, aprovechamiento forestal, pesca y caza",Servicios relacionados con el aprovechamiento forestal,1,26,Sonora,San Luis Río Colorado,San Luis Río Colorado,176685,-114.77962444444444,32.47983111111111
26071,260710104,"Agricultura, cria y explotacion de animales, aprovechamiento forestal, pesca y caza",Beneficio de productos agrícolas,1,26,Sonora,Benito Juárez,Jecopaco,1152,-109.770495,27.19747694444445
31048,310480001,"Agricultura, cria y explotacion de animales, aprovechamiento forestal, pesca y caza",Servicios relacionados con la cría y explotación de animales,1,31,Yucatán,Maxcanú,Maxcanú,13965,-90.00064027777778,20.585059444444443
31096,310960001,"Agricultura, cria y explotacion de animales, aprovechamiento forestal, pesca y caza",Otros servicios relacionados con la agricultura,4,31,Yucatán,Tizimín,Tizimín,52593,-88.15226611111112,21.143523055555555
31100,311000001,"Agricultura, cria y explotacion de animales, aprovechamiento forestal, pesca y caza",Servicios de fumigación agrícola,1,31,Yucatán,Ucú,Ucú,3119,-89.74644027777778,21.03173472222222
