mun_cve,mun_nam,ent_cve,ent_nam
31082,Telchac Pueblo,31,Yucatán
31096,Tizimín,31,Yucatán
23001,Cozumel,23,Quintana Roo
31004,Baca,31,Yucatán
31100,Ucú,31,Yucatán
23004,Othón P. Blanco,23,Quintana Roo
23005,Benito Juárez,23,Quintana Roo
23009,Tulum,23,Quintana Roo
31065,San Felipe,31,Yucatán
04002,Campeche,04,Campeche
31039,Ixil,31,Yucatán
31028,Dzilam de Bravo,31,Yucatán
31083,Telchac Puerto,31,Yucatán
31027,Dzidzantún,31,Yucatán
23007,Lázaro Cárdenas,23,Quintana Roo
31011,Celestún,31,Yucatán
31048,Maxcanú,31,Yucatán
31061,Río Lagartos,31,Yucatán
31106,Yobaín,31,Yucatán
23002,Felipe Carrillo Puerto,23,Quintana Roo
23008,Solidaridad,23,Quintana Roo
31057,Panabá,31,Yucatán
04001,Calkiní,04,Campeche
04004,Champotón,04,Campeche
04007,Palizada,04,Campeche
23010,Bacalar,23,Quintana Roo
23003,Isla Mujeres,23,Quintana Roo
04005,Hecelchakán,04,Campeche
23011,Puerto Morelos,23,Quintana Roo
31026,Dzemul,31,Yucatán
31033,Halachó,31,Yucatán
04003,Carmen,04,Campeche
04008,Tenabo,04,Campeche
31059,Progreso,31,Yucatán
04012,Seybaplaya,04,Campeche
31068,Sinanché,31,Yucatán
31029,Dzilam González,31,Yucatán
31038,Hunucmá,31,Yucatán
31052,Motul,31,Yucatán
14084,Talpa de Allende,14,Jalisco
25012,Mazatlán,25,Sinaloa
25018,Navolato,25,Sinaloa
14022,Cihuatlán,14,Jalisco
18012,San Blas,18,Nayarit
26071,Benito Juárez,26,Sonora
02001,Ensenada,02,Baja California
14100,Tomatlán,14,Jalisco
25014,Rosario,25,Sinaloa
25006,Culiacán,25,Sinaloa
02007,San Felipe,02,Baja California
26030,Hermosillo,26,Sonora
26026,Etchojoa,26,Sonora
25017,Sinaloa,25,Sinaloa
03003,La Paz,03,Baja California Sur
26048,Puerto Peñasco,26,Sonora
02002,Mexicali,02,Baja California
18004,Compostela,18,Nayarit
18015,Santiago Ixcuintla,18,Nayarit
03009,Loreto,03,Baja California Sur
02005,Playas de Rosarito,02,Baja California
18018,Tuxpan,18,Nayarit
26029,Guaymas,26,Sonora
26033,Huatabampo,26,Sonora
26047,Pitiquito,26,Sonora
14058,Mascota,14,Jalisco
03002,Mulegé,03,Baja California Sur
14043,La Huerta,14,Jalisco
02004,Tijuana,02,Baja California
02006,San Quintín,02,Baja California
18020,Bahía de Banderas,18,Nayarit
14020,Cabo Corrientes,14,Jalisco
25010,El Fuerte,25,Sinaloa
26012,Bácum,26,Sonora
26072,San Ignacio Río Muerto,26,Sonora
25008,Elota,25,Sinaloa
18008,Xalisco,18,Nayarit
18016,Tecuala,18,Nayarit
26042,Navojoa,26,Sonora
25002,Angostura,25,Sinaloa
18001,Acaponeta,18,Nayarit
03008,Los Cabos,03,Baja California Sur
26025,Empalme,26,Sonora
18010,Rosamorada,18,Nayarit
26017,Caborca,26,Sonora
26018,Cajeme,26,Sonora
25009,Escuinapa,25,Sinaloa
25013,Mocorito,25,Sinaloa
03001,Comondú,03,Baja California Sur
14067,Puerto Vallarta,14,Jalisco
25001,Ahome,25,Sinaloa
25011,Guasave,25,Sinaloa
25016,San Ignacio,25,Sinaloa
26055,San Luis Río Colorado,26,Sonora
