NOM_ENT,NOM_MUN,CVE_MUN,NOM_LOC,CVE_LOC,tot_denue
Baja California,Ensenada,02001,Aguacaliente,020011115,1
Baja California,Ensenada,02001,Artículo Ciento Quince,020013368,3
Baja California,Ensenada,02001,Baja Mar San Diego,020012691,3
Baja California,Ensenada,02001,Balcones Cíbolas del Mar,020014925,6
Baja California,Ensenada,02001,Brisas del Mar,020013606,1
Baja California,Ensenada,02001,Buena Vista,020012142,4
Baja California,Ensenada,02001,Campo Número Cinco,020013329,1
Baja California,Ensenada,02001,Campo Número Nueve,020014342,1
Baja California,Ensenada,02001,Campo Número Siete,020013170,2
Baja California,Ensenada,02001,Clam Beach [Campamento],020015324,1
Baja California,Ensenada,02001,Colinas del Pedregal,020015037,2
Baja California,Ensenada,02001,Colonia Costa Azul,020011297,3
Baja California,Ensenada,02001,Coronel Esteban Cantú,020010184,35
Baja California,Ensenada,02001,Coronel Esteban Cantú [Tercera Sección],020015155,3
Baja California,Ensenada,02001,Cuatro Cuatros,020010254,1
Baja California,Ensenada,02001,Dovinto,020015394,1
Baja California,Ensenada,02001,Ejido Eréndira,020010095,10
Baja California,Ensenada,02001,Ejido Punta Colnett (Punta Colonet),020010186,169
Baja California,Ensenada,02001,Ejido el Ajusco,020013381,1
Baja California,Ensenada,02001,El Milagro,020012488,1
Baja California,Ensenada,02001,El Mogor,020010585,1
Baja California,Ensenada,02001,El Morro,020014444,20
Baja California,Ensenada,02001,El Porvenir (Guadalupe),020010617,9
Baja California,Ensenada,02001,El Ramajal,020010677,3
Baja California,Ensenada,02001,El Rosario,020012465,1
Baja California,Ensenada,02001,El Sauzal de Rodríguez,020010247,485
Baja California,Ensenada,02001,Emiliano Zapata,020011015,1
Baja California,Ensenada,02001,Ensenada,020010001,15084
Baja California,Ensenada,02001,Familia Garibay,020015446,1
Baja California,Ensenada,02001,Familia Solorio,020013564,1
Baja California,Ensenada,02001,Francisco Zarco (Valle de Guadalupe),020010114,234
Baja California,Ensenada,02001,II Sección Ejido Esteban Cantú,020014523,9
Baja California,Ensenada,02001,Isla de Cedros,020010124,77
Baja California,Ensenada,02001,La Bufadora,020010329,154
Baja California,Ensenada,02001,La Jolla [Campo Turístico],020011444,29
Baja California,Ensenada,02001,La Misión,020010151,46
Baja California,Ensenada,02001,Las Lomas [Residencial Campestre],020013593,2
Baja California,Ensenada,02001,Licenciado Gustavo Díaz Ordaz,020010118,4
Baja California,Ensenada,02001,Lindavista,020015122,7
Baja California,Ensenada,02001,Lomas del Mar,020013173,1
Baja California,Ensenada,02001,Lucio Blanco [Granjas Agrícolas],020012539,1
Baja California,Ensenada,02001,Lázaro Cárdenas (Valle de la Trinidad),020010935,175
Baja California,Ensenada,02001,Mal Paso,020012154,3
Baja California,Ensenada,02001,Parcela Número Ciento Diez,020015202,1
Baja California,Ensenada,02001,Parcela Número Cincuenta y Siete (Familia Arce),020013732,1
Baja California,Ensenada,02001,Parcela Número Cuarenta y Tres (Ejido Nacionalista),020013706,1
Baja California,Ensenada,02001,Parcela Ocho (Ejido Nacionalista),020013691,1
Baja California,Ensenada,02001,Playa Cibola del Mar,020014930,4
Baja California,Ensenada,02001,Playa Saldamando,020012776,1
Baja California,Ensenada,02001,Poblado Héroes de Chapultepec,020011025,2
Baja California,Ensenada,02001,Puerto Escondido,020013174,1
Baja California,Ensenada,02001,Puerto Salina,020012157,6
Baja California,Ensenada,02001,Punta Estero,020012223,2
Baja California,Ensenada,02001,Punta Piedra,020012151,1
Baja California,Ensenada,02001,Rancho Cañón Buena Vista (El Zorrillo),020012183,202
Baja California,Ensenada,02001,Rancho Packard,020013171,1
Baja California,Ensenada,02001,Rancho Virginia del Mar,020015167,1
Baja California,Ensenada,02001,Real del Castillo Nuevo (Ojos Negros),020010190,174
Baja California,Ensenada,02001,Rodolfo Sánchez Taboada (Maneadero),020010139,1210
Baja California,Ensenada,02001,San Miguel (Cíbolas de Mar),020011812,2
Baja California,Ensenada,02001,San Vicente,020010243,251
Baja California,Ensenada,02001,Santo Tomás,020010242,1
Baja California,Ensenada,02001,Tierra Santa,020015285,1
Baja California,Ensenada,02001,Tres Cruces [Rancho],020013658,1
Baja California,Ensenada,02001,Uruapan,020010942,1
Baja California,Ensenada,02001,Villa de Juárez (San Antonio de las Minas),020010271,7
Baja California,Ensenada,02001,Villarino (Campo Villarino) [Campamento Turístico],020011962,3
Baja California,Ensenada,02001,Villas de San Miguel,020012502,3
Baja California,Ensenada,02001,Úrsulo Galván,020012160,4
Baja California,Mexicali,02002,Benito Juárez (Ejido Tecolotes),020020456,260
Baja California,Mexicali,02002,Cipsa,020025006,7
Baja California,Mexicali,02002,Ciudad Coahuila (Kilómetro Cincuenta y Siete),020020461,355
Baja California,Mexicali,02002,Ciudad Guadalupe Victoria (Kilómetro Cuarenta y Tres),020020185,1175
Baja California,Mexicali,02002,Ciudad Morelos (Cuervos),020020231,463
Baja California,Mexicali,02002,Colonia Castro,020020129,1
Baja California,Mexicali,02002,Colonia Gutiérrez,020020476,1
Baja California,Mexicali,02002,Colonia Ladrillera,020020210,3
Baja California,Mexicali,02002,Colonia Mariana,020020218,1
Baja California,Mexicali,02002,Colonia Pólvora,020020259,3
Baja California,Mexicali,02002,Colonia Seis [Granjas Lázaro Cárdenas],020021657,1
Baja California,Mexicali,02002,Colonia Venustiano Carranza (La Carranza),020020110,277
Baja California,Mexicali,02002,Colonia la 27 (Campamento SARH Kilómetro Veintisiete),020021975,1
Baja California,Mexicali,02002,Colonia la Puerta,020020266,3
Baja California,Mexicali,02002,Compuerta la 24 (Colonia Silva),020021564,1
Baja California,Mexicali,02002,Crucero Nuevo León,020025225,2
Baja California,Mexicali,02002,Crucero del Toluca (Ejido Toluca),020021542,9
Baja California,Mexicali,02002,Delta (Estación Delta),020020159,268
Baja California,Mexicali,02002,Ejido Chihuahua,020020158,1
Baja California,Mexicali,02002,Ejido Durango,020020169,8
Baja California,Mexicali,02002,Ejido Hechicera,020020268,112
Baja California,Mexicali,02002,Ejido Hermosillo,020020192,219
Baja California,Mexicali,02002,Ejido Hipólito Rentería,020020510,1
Baja California,Mexicali,02002,Ejido Jiquilpan,020020206,4
Baja California,Mexicali,02002,Ejido Licenciado Adolfo López Mateos,020020103,1
Baja California,Mexicali,02002,Ejido Lázaro Cárdenas (La Mosca),020020211,1
Baja California,Mexicali,02002,Ejido Mezquital,020021181,1
Baja California,Mexicali,02002,Ejido Miguel Hidalgo,020020195,2
Baja California,Mexicali,02002,Ejido Monterrey (Colonia Batáquez),020020161,5
Baja California,Mexicali,02002,Ejido Plan de Ayala,020020258,1
Baja California,Mexicali,02002,Ejido Pátzcuaro,020020251,3
Baja California,Mexicali,02002,Ejido Saltillo,020020282,2
Baja California,Mexicali,02002,Ejido San Luis Potosí,020020295,1
Baja California,Mexicali,02002,Ejido Sinaloa (Estación Kasey),020020227,93
Baja California,Mexicali,02002,Ejido Tabasco,020020127,1
Baja California,Mexicali,02002,Ejido Tamaulipas (Estación Cucapah),020020141,4
Baja California,Mexicali,02002,Ejido Tula,020020514,1
Baja California,Mexicali,02002,Ejido Yucatán,020020242,1
Baja California,Mexicali,02002,Ejido el Choropo (Colonia Colorado Número Uno),020020333,1
Baja California,Mexicali,02002,Ejido el Marítimo,020020362,1
Baja California,Mexicali,02002,El Chorizo (Colonia Colorado 1 Campo León Uno),020020342,4
Baja California,Mexicali,02002,El Faro,020020176,3
Baja California,Mexicali,02002,El Sauzalito,020024730,1
Baja California,Mexicali,02002,El Vergel,020021521,1
Baja California,Mexicali,02002,Emiliano Zapata (Colonia Progreso),020021239,1
Baja California,Mexicali,02002,Estación Pescaderos (Kilómetro Treinta y Nueve),020020256,2
Baja California,Mexicali,02002,Familia Acosta,020021545,1
Baja California,Mexicali,02002,Familia Chávez (Ejido Lázaro Cárdenas),020021896,1
Baja California,Mexicali,02002,Familia Limón (Colonia Primavera),020022274,1
Baja California,Mexicali,02002,Familia Verdugo (Ejido Cucapah Mestizo),020022820,1
Baja California,Mexicali,02002,Familia Verdugo (Ejido Tamaulipas Parcela Veintiocho),020022818,1
Baja California,Mexicali,02002,Granjas Arcoíris,020024729,4
Baja California,Mexicali,02002,Herradura,020020193,1
Baja California,Mexicali,02002,Kilómetro Siete Punto Cinco (Colonia Colorado Uno),020022893,5
Baja California,Mexicali,02002,La División (Colonia Venustiano Carranza),020021653,1
Baja California,Mexicali,02002,La Rosita,020020553,4
Baja California,Mexicali,02002,Los Manantiales,020024747,1
Baja California,Mexicali,02002,Mexicali,020020001,29304
Baja California,Mexicali,02002,Michoacán de Ocampo,020020225,111
Baja California,Mexicali,02002,Nuevo León,020020237,216
Baja California,Mexicali,02002,Poblado Alfredo V. Bonfil,020020358,2
Baja California,Mexicali,02002,Poblado Paredones,020020459,129
Baja California,Mexicali,02002,Renacimiento del Valle,020024925,2
Baja California,Mexicali,02002,San Felipe,020020284,9
Baja California,Mexicali,02002,Ventana del Mar,020021350,2
Baja California,Mexicali,02002,Vicente Guerrero (Algodones),020020111,809
Baja California,Mexicali,02002,Zaragoza Primera Sección,020021291,1
Baja California,Mexicali,02002,Zona del Canal (Veracruz Dos),020022616,1
Baja California,Playas de Rosarito,02005,Alisitos,020050002,14
Baja California,Playas de Rosarito,02005,Artesanías Popotla,020050375,11
Baja California,Playas de Rosarito,02005,Artesanías Popotla Dos,020050376,46
Baja California,Playas de Rosarito,02005,Bahía Cantiles (Cantiles Dorados),020050003,4
Baja California,Playas de Rosarito,02005,Candiles Dorados,020050350,1
Baja California,Playas de Rosarito,02005,Centinela [Fraccionamiento],020050320,2
Baja California,Playas de Rosarito,02005,Costa Azul,020050243,1
Baja California,Playas de Rosarito,02005,Cuenca Lechera,020050034,8
Baja California,Playas de Rosarito,02005,Cumbres de Popotla,020050212,1
Baja California,Playas de Rosarito,02005,De Raúl [Centro Turístico],020050163,1
Baja California,Playas de Rosarito,02005,Don Pancho (Villa Pacífico),020050104,2
Baja California,Playas de Rosarito,02005,El Campito,020050008,10
Baja California,Playas de Rosarito,02005,El Descanso,020050036,13
Baja California,Playas de Rosarito,02005,El Mirador [Fraccionamiento],020050418,1
Baja California,Playas de Rosarito,02005,El Morro,020050076,3
Baja California,Playas de Rosarito,02005,El Morro,020050304,4
Baja California,Playas de Rosarito,02005,El Morro Kilómetro Treinta y Ocho,020050078,15
Baja California,Playas de Rosarito,02005,El Médano,020050316,1
Baja California,Playas de Rosarito,02005,El Pescador [Centro Turístico],020050081,10
Baja California,Playas de Rosarito,02005,El Refugio,020050249,5
Baja California,Playas de Rosarito,02005,El Sauco,020050291,1
Baja California,Playas de Rosarito,02005,Gaviotas [Curios],020050035,11
Baja California,Playas de Rosarito,02005,Hacienda del Sol,020050355,2
Baja California,Playas de Rosarito,02005,Kilómetro Cuarenta y Tres,020050314,1
Baja California,Playas de Rosarito,02005,Ladrillera Pescador,020050064,42
Baja California,Playas de Rosarito,02005,Las Gaviotas II,020050460,1
Baja California,Playas de Rosarito,02005,Los Arroyos,020050384,2
Baja California,Playas de Rosarito,02005,Los Volcanes,020050218,16
Baja California,Playas de Rosarito,02005,Mar de Calafia,020050242,1
Baja California,Playas de Rosarito,02005,Marbella,020050202,3
Baja California,Playas de Rosarito,02005,Marena [Club],020050196,1
Baja California,Playas de Rosarito,02005,Medio Camino,020050074,1
Baja California,Playas de Rosarito,02005,Misión Viejo,020050075,1
Baja California,Playas de Rosarito,02005,Misión del Mar 1ra. y 2da. Sección,020050028,16
Baja California,Playas de Rosarito,02005,Palmar Paradise [Centro Recreativo],020050279,1
Baja California,Playas de Rosarito,02005,Playas de Rosarito,020050001,4140
Baja California,Playas de Rosarito,02005,Playas la Misión,020050084,3
Baja California,Playas de Rosarito,02005,Popotla,020050086,4
Baja California,Playas de Rosarito,02005,Primo Tapia,020050089,225
Baja California,Playas de Rosarito,02005,Puerto Nuevo,020050090,109
Baja California,Playas de Rosarito,02005,Puerto Popotla,020050305,40
Baja California,Playas de Rosarito,02005,Puestas del Sol,020050207,1
Baja California,Playas de Rosarito,02005,Rancho Reynoso,020050150,3
Baja California,Playas de Rosarito,02005,Rancho Santini,020050160,8
Baja California,Playas de Rosarito,02005,Rancho el Descanso,020050227,1
Baja California,Playas de Rosarito,02005,Santa Anita,020050025,38
Baja California,Playas de Rosarito,02005,Terrazas del Pacífico,020050193,6
Baja California,Playas de Rosarito,02005,Venustiano Carranza,020050194,15
Baja California,Playas de Rosarito,02005,Vista Marina,020050230,35
Baja California,San Quintín,02006,ABC (Los Canelos) [Empaque],020060003,1
Baja California,San Quintín,02006,Bahía de los Ángeles,020060022,50
Baja California,San Quintín,02006,Camalú,020060040,394
Baja California,San Quintín,02006,Cataviña,020060068,1
Baja California,San Quintín,02006,Colonia Concordia,020060080,2
Baja California,San Quintín,02006,Colonia Llamas,020060081,7
Baja California,San Quintín,02006,Colonia Lomas de San Ramón (Triquis),020060082,52
Baja California,San Quintín,02006,Colonia Nueva Era,020060085,64
Baja California,San Quintín,02006,Ejido Francisco Villa (San Simón),020060111,28
Baja California,San Quintín,02006,Ejido General Leandro Valle,020060112,2
Baja California,San Quintín,02006,Ejido José María Morelos,020060114,9
Baja California,San Quintín,02006,Ejido Lic. Luis Echeverría Álvarez (Chula Vista),020060116,50
Baja California,San Quintín,02006,Ejido Papalote,020060121,118
Baja California,San Quintín,02006,Ejido Profesor Graciano Sánchez,020060122,1
Baja California,San Quintín,02006,Ejido Rubén Jaramillo,020060124,1
Baja California,San Quintín,02006,Ejido San Simón de Arriba,020060125,5
Baja California,San Quintín,02006,El Rosario de Abajo,020060224,10
Baja California,San Quintín,02006,El Rosario de Arriba,020060225,89
Baja California,San Quintín,02006,Emiliano Zapata,020060248,219
Baja California,San Quintín,02006,La Mesa,020060475,1
Baja California,San Quintín,02006,Luis Rodríguez (El Vergel),020060583,14
Baja California,San Quintín,02006,Lázaro Cárdenas,020060585,865
Baja California,San Quintín,02006,Nuevo Centro de Población Padre Kino,020060628,3
Baja California,San Quintín,02006,Nuevo Uruapan,020060630,44
Baja California,San Quintín,02006,Rancho Jiménez,020060721,1
Baja California,San Quintín,02006,San Quintín,020060001,349
Baja California,San Quintín,02006,Santa Candelaria,020060819,4
Baja California,San Quintín,02006,Santa Fe,020060823,58
Baja California,San Quintín,02006,Santa María (Los Pinos),020060832,29
Baja California,San Quintín,02006,Venustiano Carranza (Santa María),020060861,21
Baja California,San Quintín,02006,Vicente Guerrero,020060863,702
Baja California,Tijuana,02004,Casa Blanca (Familia Ulloa),020040164,8
Baja California,Tijuana,02004,Cuatro Hermanos,020041849,1
Baja California,Tijuana,02004,Cuesta Blanca,020041348,7
Baja California,Tijuana,02004,El Florido,020040298,3
Baja California,Tijuana,02004,El Mezquitito,020040575,1
Baja California,Tijuana,02004,El Niño,020041615,164
Baja California,Tijuana,02004,El Platanal,020041936,1
Baja California,Tijuana,02004,El Refugio,020040219,1
Baja California,Tijuana,02004,El Refugio,020041790,2
Baja California,Tijuana,02004,Familia Cacho,020041792,1
Baja California,Tijuana,02004,Familia González Aguirre,020041134,11
Baja California,Tijuana,02004,La Esperanza,020041448,1
Baja California,Tijuana,02004,La Esperanza [Granjas Familiares],020040679,11
Baja California,Tijuana,02004,La Esperanza [Vivero],020041538,6
Baja California,Tijuana,02004,Ley del Servicio Civil,020041961,3
Baja California,Tijuana,02004,Lomas de San Pedro,020041934,2
Baja California,Tijuana,02004,Los Cinco Hermanos,020041238,1
Baja California,Tijuana,02004,Los Delfines,020041298,9
Baja California,Tijuana,02004,Los Girasoles,020041801,2
Baja California,Tijuana,02004,Los Olivos,020041783,1
Baja California,Tijuana,02004,Margarita Residencial [Fraccionamiento],020041041,2
Baja California,Tijuana,02004,Ojo de Agua (El Florido),020041851,3
Baja California,Tijuana,02004,Palma Real,020041931,1
Baja California,Tijuana,02004,Parajes del Valle,020041421,75
Baja California,Tijuana,02004,Rancho Ayala,020041017,1
Baja California,Tijuana,02004,Rancho Casián,020040326,1
Baja California,Tijuana,02004,Rancho Gutiérrez,020041439,1
Baja California,Tijuana,02004,Rancho Hernández,020041945,1
Baja California,Tijuana,02004,Real del Mar,020040678,6
Baja California,Tijuana,02004,Roberto Yahuaca,020041901,8
Baja California,Tijuana,02004,San Antonio,020041351,15
Baja California,Tijuana,02004,San Antonio del Mar,020040606,9
Baja California,Tijuana,02004,San Cosme (Rancho Arellano),020041518,2
Baja California,Tijuana,02004,San Cosme [Avícola],020040498,1
Baja California,Tijuana,02004,San Marino,020041919,5
Baja California,Tijuana,02004,Santo Tomás [Establo],020041309,2
Baja California,Tijuana,02004,Terrazas de San Ángel,020041874,1
Baja California,Tijuana,02004,Terrazas del Sol,020041345,6
Baja California,Tijuana,02004,Tijuana,020040001,59827
Baja California,Tijuana,02004,Valle Bonito,020041060,3
Baja California,Tijuana,02004,Valle de las Palmas [Etapa 1],020041977,2
Baja California,Tijuana,02004,Villa del Campo,020041883,332
Baja California,Tijuana,02004,Xicoténcatl Dos,020041004,8
Baja California Sur,Comondú,03001,Carambuche,030010055,7
Baja California Sur,Comondú,03001,Ciudad Constitución,030010001,2680
Baja California Sur,Comondú,03001,Ciudad Insurgentes,030010133,390
Baja California Sur,Comondú,03001,La Purísima,030010244,22
Baja California Sur,Comondú,03001,Puerto Adolfo López Mateos,030010003,135
Baja California Sur,Comondú,03001,Puerto San Carlos,030010280,266
Baja California Sur,Comondú,03001,Ramaditas,030010266,9
Baja California Sur,Comondú,03001,San Buto [Campo Pesquero],030010662,2
Baja California Sur,Comondú,03001,San Isidro,030010291,36
Baja California Sur,Comondú,03001,San José de Comondú,030010293,5
Baja California Sur,Comondú,03001,San Juanico,030012086,1
Baja California Sur,Comondú,03001,San Luis Gonzaga,030010751,9
Baja California Sur,Comondú,03001,San Miguel de Comondú,030010319,14
Baja California Sur,Comondú,03001,Sinaloa Lote 12,030012357,1
Baja California Sur,Comondú,03001,Villa Ignacio Zaragoza,030010387,1
Baja California Sur,Comondú,03001,Villa Morelos,030010380,3
Baja California Sur,La Paz,03003,Agroexportadora del Noroeste,030031425,7
Baja California Sur,La Paz,03003,Agua Amarga,030030336,2
Baja California Sur,La Paz,03003,Agua de la Costa,030030341,1
Baja California Sur,La Paz,03003,Boca del Álamo,030030402,2
Baja California Sur,La Paz,03003,Buenos Aires,030030418,7
Baja California Sur,La Paz,03003,Chametla,030030108,187
Baja California Sur,La Paz,03003,Chayito [Mini Súper],030032751,2
Baja California Sur,La Paz,03003,El Cachanilla,030032032,1
Baja California Sur,La Paz,03003,El Cardonal,030031424,19
Baja California Sur,La Paz,03003,El Carrizal,030030458,6
Baja California Sur,La Paz,03003,El Centenario,030030092,242
Baja California Sur,La Paz,03003,El Comitán,030031450,1
Baja California Sur,La Paz,03003,El Pescadero,030030684,163
Baja California Sur,La Paz,03003,El Rosario Uno,030030237,13
Baja California Sur,La Paz,03003,El Sargento,030031630,93
Baja California Sur,La Paz,03003,El Triunfo,030030911,31
Baja California Sur,La Paz,03003,General Juan Domínguez Cota,030031020,4
Baja California Sur,La Paz,03003,González [Ultramarinos],030032869,2
Baja California Sur,La Paz,03003,Granjeros Guaycura,030032916,5
Baja California Sur,La Paz,03003,La Buena Mujer,030031410,1
Baja California Sur,La Paz,03003,La Palmilla,030031525,1
Baja California Sur,La Paz,03003,La Paz,030030001,12165
Baja California Sur,La Paz,03003,La Piedrita,030032211,1
Baja California Sur,La Paz,03003,La Ventana,030030920,32
Baja California Sur,La Paz,03003,Las Pocitas,030030219,1
Baja California Sur,La Paz,03003,Las Tinas,030030898,2
Baja California Sur,La Paz,03003,Los Algodones,030031394,2
Baja California Sur,La Paz,03003,Los Barriles,030030392,259
Baja California Sur,La Paz,03003,Los Cerritos,030031784,7
Baja California Sur,La Paz,03003,Los Cuatro Vientos,030031110,1
Baja California Sur,La Paz,03003,San Antonio,030030766,32
Baja California Sur,La Paz,03003,San Bartolo,030030771,25
Baja California Sur,La Paz,03003,San Evaristo,030030778,1
Baja California Sur,La Paz,03003,San Isidro,030030785,1
Baja California Sur,La Paz,03003,San Juan de la Costa,030030963,3
Baja California Sur,La Paz,03003,San Juan de los Planes,030030697,1
Baja California Sur,La Paz,03003,San Patricio,030031944,2
Baja California Sur,La Paz,03003,San Pedro,030030277,6
Baja California Sur,La Paz,03003,San Pedro México,030031227,7
Baja California Sur,La Paz,03003,Santa Rita,030030849,1
Baja California Sur,La Paz,03003,Todos Santos,030030003,510
Baja California Sur,Loreto,03009,Ejido Loreto al Sur,030090322,15
Baja California Sur,Loreto,03009,Ensenada Blanca,030090156,11
Baja California Sur,Loreto,03009,Juncalito,030090197,1
Baja California Sur,Loreto,03009,Ligüí,030090161,10
Baja California Sur,Loreto,03009,Loreto,030090001,933
Baja California Sur,Loreto,03009,Nopoló,030090118,39
Baja California Sur,Loreto,03009,Tripuí [Trailer Park],030090183,1
Baja California Sur,Los Cabos,03008,Boca de la Sierra,030080040,3
Baja California Sur,Los Cabos,03008,Boca de la Vinorama,030080045,1
Baja California Sur,Los Cabos,03008,Buenavista,030080048,27
Baja California Sur,Los Cabos,03008,Cabo Pulmo,030080053,3
Baja California Sur,Los Cabos,03008,Cabo San Lucas,030080054,8167
Baja California Sur,Los Cabos,03008,Caduaño,030080056,13
Baja California Sur,Los Cabos,03008,Cuadra San Francisco,030080940,3
Baja California Sur,Los Cabos,03008,El Aguajito,030081037,1
Baja California Sur,Los Cabos,03008,El Campamento,030080593,1
Baja California Sur,Los Cabos,03008,El Chinal,030080339,1
Baja California Sur,Los Cabos,03008,El Refugio,030080707,1
Baja California Sur,Los Cabos,03008,El Rincón de San Pedro,030080359,1
Baja California Sur,Los Cabos,03008,El Taste de Santa Rosa,030081444,1
Baja California Sur,Los Cabos,03008,El Toro Muerto,030081307,4
Baja California Sur,Los Cabos,03008,La Ribera,030080217,62
Baja California Sur,Los Cabos,03008,Los Mártires,030080521,1
Baja California Sur,Los Cabos,03008,Migriño,030080197,1
Baja California Sur,Los Cabos,03008,Miraflores,030080159,65
Baja California Sur,Los Cabos,03008,Rollin Hills [Hotel],030081313,1
Baja California Sur,Los Cabos,03008,San Ignacio,030080447,2
Baja California Sur,Los Cabos,03008,San José del Cabo,030080001,5704
Baja California Sur,Los Cabos,03008,Santa Cruz,030080456,1
Baja California Sur,Los Cabos,03008,Santiago,030080280,3
Baja California Sur,Mulegé,03002,Bahía Asunción,030020014,6
Baja California Sur,Mulegé,03002,Bahía Tortugas,030020015,132
Baja California Sur,Mulegé,03002,Ejido Luis Echeverría,030021374,17
Baja California Sur,Mulegé,03002,Ejido San Lucas,030020165,1
Baja California Sur,Mulegé,03002,El Caracol,030020033,1
Baja California Sur,Mulegé,03002,El Cardón,030020967,3
Baja California Sur,Mulegé,03002,El Silencio,030020479,2
Baja California Sur,Mulegé,03002,Emiliano Zapata,030020232,1
Baja California Sur,Mulegé,03002,Estero de la Bocana,030020056,3
Baja California Sur,Mulegé,03002,Guerrero Negro,030020066,702
Baja California Sur,Mulegé,03002,Gustavo Díaz Ordaz,030020067,128
Baja California Sur,Mulegé,03002,Heroica Mulegé,030020097,296
Baja California Sur,Mulegé,03002,Isla Natividad,030020076,1
Baja California Sur,Mulegé,03002,Isla San Marcos,030020077,3
Baja California Sur,Mulegé,03002,La Base,030020515,1
Baja California Sur,Mulegé,03002,Punta Abreojos,030020116,6
Baja California Sur,Mulegé,03002,San Bruno,030020140,1
Baja California Sur,Mulegé,03002,San Francisco,030021435,1
Baja California Sur,Mulegé,03002,San Ignacio,030020149,44
Baja California Sur,Mulegé,03002,San Lino,030020164,6
Baja California Sur,Mulegé,03002,San Luciano,030021496,1
Baja California Sur,Mulegé,03002,Santa Rosalía,030020001,741
Baja California Sur,Mulegé,03002,Unión y Progreso,030021188,3
Baja California Sur,Mulegé,03002,Villa Alberto Andrés Alvarado Arámburo,030020482,452
Campeche,Calkiní,04001,Bécal,040010004,764
Campeche,Calkiní,04001,Calkiní,040010001,1284
Campeche,Calkiní,04001,Dzitbalché,040010007,3
Campeche,Calkiní,04001,Nunkiní,040010008,498
Campeche,Calkiní,04001,San Antonio Sahcabchén,040010010,1
Campeche,Calkiní,04001,Tepakán,040010015,3
Campeche,Campeche,04002,Alfredo V. Bonfil,040020110,5
Campeche,Campeche,04002,Bolonchén Cahuich,040020072,1
Campeche,Campeche,04002,Castamay,040020073,1
Campeche,Campeche,04002,Chiná,040020077,335
Campeche,Campeche,04002,Imí,040020086,14
Campeche,Campeche,04002,Kikab,040020312,1
Campeche,Campeche,04002,Lerma,040020087,463
Campeche,Campeche,04002,Los Laureles,040020465,17
Campeche,Campeche,04002,Melchor Ocampo,040020172,1
Campeche,Campeche,04002,Nilchí,040020090,1
Campeche,Campeche,04002,Pich,040020096,3
Campeche,Campeche,04002,Pocyaxum,040020097,1
Campeche,Campeche,04002,Pueblo Nuevo,040020118,3
Campeche,Campeche,04002,Quetzal Edzná,040020263,1
Campeche,Campeche,04002,San Francisco de Campeche,040020001,13553
Campeche,Campeche,04002,Tixmucuy,040020105,2
Campeche,Campeche,04002,Uayamón,040020068,1
Campeche,Carmen,04003,Atasta,040030006,144
Campeche,Carmen,04003,Ciudad del Carmen,040030001,9835
Campeche,Carmen,04003,El Aguacatal,040033217,2
Campeche,Carmen,04003,El Encanto,040033300,1
Campeche,Carmen,04003,Isla Aguada,040030199,452
Campeche,Carmen,04003,Licenciado Gustavo Díaz Ordaz (18 de Marzo),040033395,1
Campeche,Carmen,04003,Mamantel (Pancho Villa),040033333,2
Campeche,Carmen,04003,Nuevo Campechito,040030118,1
Campeche,Carmen,04003,Nuevo Progreso,040030005,340
Campeche,Carmen,04003,Sabancuy,040030614,477
Campeche,Carmen,04003,San Antonio Cárdenas,040030101,247
Campeche,Champotón,04004,Arellano,040040004,1
Campeche,Champotón,04004,Carrillo Puerto,040040432,177
Campeche,Champotón,04004,Champotón,040040001,2355
Campeche,Champotón,04004,Cinco de Febrero,040040442,2
Campeche,Champotón,04004,Hool,040040014,3
Campeche,Champotón,04004,La Joya,040040016,74
Campeche,Champotón,04004,Ley Federal de Reforma Agraria,040040091,142
Campeche,Champotón,04004,Miguel Colorado,040041603,2
Campeche,Champotón,04004,San José Carpizo Dos,040040063,2
Campeche,Champotón,04004,San Pablo Pixtún,040040024,1
Campeche,Champotón,04004,Santo Domingo Kesté,040040564,206
Campeche,Champotón,04004,Sihochac,040040036,162
Campeche,Champotón,04004,Villa de Guadalupe,040040044,1
Campeche,Champotón,04004,Xbacab,040040047,1
Campeche,Hecelchakán,04005,Cumpich,040050002,1
Campeche,Hecelchakán,04005,Hecelchakán,040050001,672
Campeche,Hecelchakán,04005,Nohalal,040050005,3
Campeche,Hecelchakán,04005,Pomuch,040050007,442
Campeche,Hecelchakán,04005,Yalnón [Campo Menonita],040050045,1
Campeche,Palizada,04007,Crucero Santa Adelaida,040070828,1
Campeche,Palizada,04007,Los Laureles,040070321,1
Campeche,Palizada,04007,Orgánicos del Trópico (Pancho Villa),040070346,1
Campeche,Palizada,04007,Palizada,040070001,385
Campeche,Seybaplaya,04012,Seybaplaya,040120001,590
Campeche,Seybaplaya,04012,Villa Madero,040120055,231
Campeche,Seybaplaya,04012,Xkeulil,040120056,2
Campeche,Tenabo,04008,Chaví Número Seis [Campo Menonita],040080139,1
Campeche,Tenabo,04008,Tenabo,040080001,570
Campeche,Tenabo,04008,Tinún,040080005,1
Jalisco,Cabo Corrientes,14020,Chacala,140200020,15
Jalisco,Cabo Corrientes,14020,Chimo,140200021,13
Jalisco,Cabo Corrientes,14020,El Agüilote (Las Parejas),140200116,1
Jalisco,Cabo Corrientes,14020,El Refugio Suchitlán (La Congregación),140200064,18
Jalisco,Cabo Corrientes,14020,El Tuito,140200001,282
Jalisco,Cabo Corrientes,14020,Emiliano Zapata,140200127,1
Jalisco,Cabo Corrientes,14020,Ixtlahuahuey,140200035,12
Jalisco,Cabo Corrientes,14020,La Puerta,140200073,2
Jalisco,Cabo Corrientes,14020,La Sauceda,140200066,11
Jalisco,Cabo Corrientes,14020,Las Juntas y los Veranos,140200037,44
Jalisco,Cabo Corrientes,14020,Las Ánimas de Quimixto,140200007,16
Jalisco,Cabo Corrientes,14020,Los Corrales,140200082,10
Jalisco,Cabo Corrientes,14020,Mascotita,140200117,8
Jalisco,Cabo Corrientes,14020,Pedro Moreno,140200074,4
Jalisco,Cabo Corrientes,14020,Pizota,140200057,3
Jalisco,Cabo Corrientes,14020,Quimixto,140200062,20
Jalisco,Cabo Corrientes,14020,Yelapa,140200070,66
Jalisco,Cihuatlán,14022,Barra de Navidad,140220006,451
Jalisco,Cihuatlán,14022,Brisas de la Navidad (El Gallo Colorado),140220151,21
Jalisco,Cihuatlán,14022,Cihuatlán,140220001,1242
Jalisco,Cihuatlán,14022,Colonia Pinal Villa,140220109,9
Jalisco,Cihuatlán,14022,Colonia el Herradero (Camino al Almolón),140220103,2
Jalisco,Cihuatlán,14022,Cuastecomate,140220047,14
Jalisco,Cihuatlán,14022,El Aguacate,140220002,62
Jalisco,Cihuatlán,14022,El Rebalse,140220030,11
Jalisco,Cihuatlán,14022,Emiliano Zapata (El Ranchito),140220009,102
Jalisco,Cihuatlán,14022,Jaluco,140220016,175
Jalisco,Cihuatlán,14022,La Calera,140220069,3
Jalisco,Cihuatlán,14022,San Ignacio de Loyola (Colonia San Ignacio),140220102,9
Jalisco,Cihuatlán,14022,San Patricio (Melaque),140220033,824
Jalisco,Cihuatlán,14022,Santa Fe,140220147,2
Jalisco,La Huerta,14043,Agua Caliente Nueva,140430140,44
Jalisco,La Huerta,14043,Agua Caliente Vieja de Apazulco,140430004,12
Jalisco,La Huerta,14043,Apazulco (Miguel Hidalgo Viejo),140430068,1
Jalisco,La Huerta,14043,Arroyo Seco,140430012,11
Jalisco,La Huerta,14043,Boca de Iguanas,140430015,6
Jalisco,La Huerta,14043,Chamela,140430033,6
Jalisco,La Huerta,14043,Cofradía,140430022,1
Jalisco,La Huerta,14043,Colonia Cardenista,140430363,1
Jalisco,La Huerta,14043,Ejido la Fortuna,140430039,21
Jalisco,La Huerta,14043,El Rebalsito de Apazulco,140430092,34
Jalisco,La Huerta,14043,Emiliano Zapata,140430036,105
Jalisco,La Huerta,14043,Francisco Villa,140430041,41
Jalisco,La Huerta,14043,Juan Gil Preciado,140430123,18
Jalisco,La Huerta,14043,Kilómetro Setenta y Cinco,140430249,1
Jalisco,La Huerta,14043,La Huerta,140430001,600
Jalisco,La Huerta,14043,La Manzanilla,140430062,160
Jalisco,La Huerta,14043,La Rosa,140430095,10
Jalisco,La Huerta,14043,Los Ranchitos,140430125,6
Jalisco,La Huerta,14043,Nuevo Miguel Hidalgo,140430139,2
Jalisco,La Huerta,14043,Pueblo Careyes,140430137,8
Jalisco,La Huerta,14043,Pérula,140430146,108
Jalisco,La Huerta,14043,Quémaro,140430091,3
Jalisco,La Huerta,14043,San Mateo,140430099,48
Jalisco,Puerto Vallarta,14067,Bella Vista,140670245,1
Jalisco,Puerto Vallarta,14067,Boca de Tomates,140670007,9
Jalisco,Puerto Vallarta,14067,Boca de Tomatlán,140670009,57
Jalisco,Puerto Vallarta,14067,Colinas del Valle,140670244,9
Jalisco,Puerto Vallarta,14067,Colonia Paso del Guayabo,140670109,9
Jalisco,Puerto Vallarta,14067,Colonia los Robles,140670178,4
Jalisco,Puerto Vallarta,14067,Coto San Xoaquín,140670205,1
Jalisco,Puerto Vallarta,14067,Ecoterra Paraíso,140670268,11
Jalisco,Puerto Vallarta,14067,El Aguacate,140670252,14
Jalisco,Puerto Vallarta,14067,El Cantón,140670011,15
Jalisco,Puerto Vallarta,14067,El Colorado,140670014,1
Jalisco,Puerto Vallarta,14067,El Guayabo,140670024,1
Jalisco,Puerto Vallarta,14067,El Hundido,140670027,1
Jalisco,Puerto Vallarta,14067,El Jorullo,140670030,3
Jalisco,Puerto Vallarta,14067,El Nogalito,140670086,8
Jalisco,Puerto Vallarta,14067,El Paso Real (La Limonera),140670195,1
Jalisco,Puerto Vallarta,14067,El Ranchito (El Colesio),140670044,1
Jalisco,Puerto Vallarta,14067,El Zancudo,140670057,21
Jalisco,Puerto Vallarta,14067,Getsemaní,140670235,8
Jalisco,Puerto Vallarta,14067,Ixtapa,140670028,1229
Jalisco,Puerto Vallarta,14067,La Arenita,140670128,4
Jalisco,Puerto Vallarta,14067,La Desembocada,140670066,45
Jalisco,Puerto Vallarta,14067,La Punta Negra,140670085,3
Jalisco,Puerto Vallarta,14067,Ladrilleras (Camino al Basurero),140670194,1
Jalisco,Puerto Vallarta,14067,Las Juntas,140670031,650
Jalisco,Puerto Vallarta,14067,Las Palmas de Arriba,140670038,210
Jalisco,Puerto Vallarta,14067,León de la Sierra,140670157,3
Jalisco,Puerto Vallarta,14067,Los Llanitos,140670078,7
Jalisco,Puerto Vallarta,14067,Los Ángeles,140670247,13
Jalisco,Puerto Vallarta,14067,Mismaloya,140670008,70
Jalisco,Puerto Vallarta,14067,Ojo de Agua,140670257,7
Jalisco,Puerto Vallarta,14067,Playa Gemelas,140670248,6
Jalisco,Puerto Vallarta,14067,Playa Grande (San Pedro),140670043,20
Jalisco,Puerto Vallarta,14067,Puerto Vallarta,140670001,14109
Jalisco,Puerto Vallarta,14067,Rancho Nácar,140670173,4
Jalisco,Puerto Vallarta,14067,San Nicolás,140670049,2
Jalisco,Puerto Vallarta,14067,San Pedro,140670180,1
Jalisco,Puerto Vallarta,14067,Sierra del Mar,140670251,4
Jalisco,Puerto Vallarta,14067,Vallejo,140670103,2
Jalisco,Puerto Vallarta,14067,Verde Valle,140670242,3
Jalisco,Tomatlán,14100,Campo Acosta,141000023,148
Jalisco,Tomatlán,14100,El Portezuelo,141000115,12
Jalisco,Tomatlán,14100,José María Morelos,141000065,191
Jalisco,Tomatlán,14100,José María Pino Suárez (Nuevo Nahuapa),141000189,274
Jalisco,Tomatlán,14100,La Cruz de Loreto,141000034,101
Jalisco,Tomatlán,14100,La Cumbre,141000039,2
Jalisco,Tomatlán,14100,Llano Grande,141000075,1
Jalisco,Tomatlán,14100,Tequesquite,141000159,1
Jalisco,Tomatlán,14100,Tomatlán,141000001,767
Nayarit,Bahía de Banderas,18020,Aguamilpa,180200004,2
Nayarit,Bahía de Banderas,18020,Bucerías,180200013,1393
Nayarit,Bahía de Banderas,18020,Colonia de Dios,180200353,1
Nayarit,Bahía de Banderas,18020,Corral del Risco (Punta de Mita),180200106,257
Nayarit,Bahía de Banderas,18020,Cruz de Huanacaxtle,180200027,379
Nayarit,Bahía de Banderas,18020,Desarrollo Punta Mita,180200236,3
Nayarit,Bahía de Banderas,18020,El Colomo,180200026,3
Nayarit,Bahía de Banderas,18020,El Guamúchil,180200037,20
Nayarit,Bahía de Banderas,18020,El Porvenir,180200069,317
Nayarit,Bahía de Banderas,18020,El Texcalame,180200276,1
Nayarit,Bahía de Banderas,18020,Emilio M. González [Colonia],180200217,5
Nayarit,Bahía de Banderas,18020,Flamingos,180200024,121
Nayarit,Bahía de Banderas,18020,Haixa (Litibú),180200595,2
Nayarit,Bahía de Banderas,18020,Higuera Blanca,180200041,84
Nayarit,Bahía de Banderas,18020,La Compuerta,180200040,1
Nayarit,Bahía de Banderas,18020,La Compuerta Número 2,180200592,2
Nayarit,Bahía de Banderas,18020,Las Jarretaderas,180200043,352
Nayarit,Bahía de Banderas,18020,Las Lomas,180200047,7
Nayarit,Bahía de Banderas,18020,Las Parotas [Colonia],180200459,5
Nayarit,Bahía de Banderas,18020,Litibú,180200118,3
Nayarit,Bahía de Banderas,18020,Lo de Marcos,180200046,218
Nayarit,Bahía de Banderas,18020,Los Reyes,180200382,2
Nayarit,Bahía de Banderas,18020,Los Sauces,180200091,1
Nayarit,Bahía de Banderas,18020,Magisterio [Colonia],180200460,1
Nayarit,Bahía de Banderas,18020,Mezcales,180200053,1319
Nayarit,Bahía de Banderas,18020,Mezcalitos,180200054,42
Nayarit,Bahía de Banderas,18020,Nuevo Vallarta,180200059,320
Nayarit,Bahía de Banderas,18020,Palmarito,180200270,4
Nayarit,Bahía de Banderas,18020,Punta Negra (Careyeros),180200103,2
Nayarit,Bahía de Banderas,18020,Pátzcuaro,180200066,2
Nayarit,Bahía de Banderas,18020,Rancho Dora,180200283,1
Nayarit,Bahía de Banderas,18020,Real Campestre,180200524,4
Nayarit,Bahía de Banderas,18020,San Clemente de Lima,180200049,167
Nayarit,Bahía de Banderas,18020,San Francisco,180200081,224
Nayarit,Bahía de Banderas,18020,San Ignacio,180200082,40
Nayarit,Bahía de Banderas,18020,San José del Valle,180200083,1111
Nayarit,Bahía de Banderas,18020,San Juan de Abajo,180200084,602
Nayarit,Bahía de Banderas,18020,San Quintín,180200087,6
Nayarit,Bahía de Banderas,18020,San Vicente,180200088,1141
Nayarit,Bahía de Banderas,18020,Santa Rosa Tapachula,180200090,2
Nayarit,Bahía de Banderas,18020,Sayulita,180200092,607
Nayarit,Bahía de Banderas,18020,Tondoroque,180200098,81
Nayarit,Bahía de Banderas,18020,Toscano [Colonia],180200463,2
Nayarit,Bahía de Banderas,18020,Valle de Banderas,180200001,407
Nayarit,Compostela,18004,Altavista,180040016,17
Nayarit,Compostela,18004,Bella Unión,180040023,6
Nayarit,Compostela,18004,Buenavista,180040315,6
Nayarit,Compostela,18004,Chacala,180040065,93
Nayarit,Compostela,18004,Chacalilla,180040626,1
Nayarit,Compostela,18004,Chulavista,180040069,17
Nayarit,Compostela,18004,Coastecomatillo,180040060,14
Nayarit,Compostela,18004,Compostela,180040001,1738
Nayarit,Compostela,18004,Crucero de Juan Sánchez,180040241,1
Nayarit,Compostela,18004,Cándido Salazar,180040036,14
Nayarit,Compostela,18004,El Caimanero,180040338,1
Nayarit,Compostela,18004,El Capomo,180040039,62
Nayarit,Compostela,18004,El Divisadero,180040071,6
Nayarit,Compostela,18004,El Salitre,180040435,1
Nayarit,Compostela,18004,El Tamarindo,180040420,8
Nayarit,Compostela,18004,El Tonino,180040183,10
Nayarit,Compostela,18004,Felipe Carrillo Puerto,180040040,4
Nayarit,Compostela,18004,Ixtapa de la Concepción,180040083,108
Nayarit,Compostela,18004,Juan Escutia (Borbollón),180040089,1
Nayarit,Compostela,18004,La Cuata,180040061,20
Nayarit,Compostela,18004,La Curva,180040545,5
Nayarit,Compostela,18004,La Esperanza,180040496,3
Nayarit,Compostela,18004,La Joya,180040260,13
Nayarit,Compostela,18004,La Peñita de Jaltemba,180040128,899
Nayarit,Compostela,18004,La Puerta de la Lima,180040141,53
Nayarit,Compostela,18004,Las Calabazas,180040340,1
Nayarit,Compostela,18004,Las Palmas,180040594,3
Nayarit,Compostela,18004,Las Palmas,180040712,1
Nayarit,Compostela,18004,Las Piedras,180040132,26
Nayarit,Compostela,18004,Las Varas,180040186,1251
Nayarit,Compostela,18004,Lima de Abajo,180040093,45
Nayarit,Compostela,18004,Los Ayala,180040020,188
Nayarit,Compostela,18004,Mamey Grande de Arriba,180040099,8
Nayarit,Compostela,18004,Mesillas,180040126,20
Nayarit,Compostela,18004,Mi Cafetal,180040739,1
Nayarit,Compostela,18004,Monteón,180040112,93
Nayarit,Compostela,18004,Nuevo Amanecer,180040637,1
Nayarit,Compostela,18004,Nuevo Ixtlán (Las Cañadas),180040038,17
Nayarit,Compostela,18004,Otates y Cantarranas,180040119,57
Nayarit,Compostela,18004,Paraíso Escondido [Colonia],180040322,169
Nayarit,Compostela,18004,Paso de las Palmas,180040125,23
Nayarit,Compostela,18004,Platanitos,180040137,27
Nayarit,Compostela,18004,Reserva Natural del Palmar (El Suspiro) [Colonia],180040572,7
Nayarit,Compostela,18004,Rincón de Guayabitos,180040154,636
Nayarit,Compostela,18004,San Isidro,180040325,37
Nayarit,Compostela,18004,Santa María de Jaltemba,180040167,2
Nayarit,Compostela,18004,Villa Morelos,180040189,31
Nayarit,Compostela,18004,Zacualpan,180040191,414
Nayarit,Compostela,18004,Úrsulo Galván,180040184,48
Nayarit,San Blas,18012,Aticama,180120003,158
Nayarit,San Blas,18012,Bahía de Matanchén,180120073,24
Nayarit,San Blas,18012,Boca del Asadero,180120006,1
Nayarit,San Blas,18012,Chanón [Empacadora],180120245,5
Nayarit,San Blas,18012,Crucero a los Cocos,180120134,4
Nayarit,San Blas,18012,Crucero del Llano,180120224,3
Nayarit,San Blas,18012,El Cora,180120011,19
Nayarit,San Blas,18012,El Cuatro,180120184,1
Nayarit,San Blas,18012,El Espino,180120017,6
Nayarit,San Blas,18012,El Llano,180120029,81
Nayarit,San Blas,18012,Guadalupe Victoria,180120019,263
Nayarit,San Blas,18012,Jalcocotán,180120025,292
Nayarit,San Blas,18012,Jolotemba,180120026,22
Nayarit,San Blas,18012,José María Mercado,180120010,14
Nayarit,San Blas,18012,La Bajada,180120005,38
Nayarit,San Blas,18012,La Chiripa,180120016,32
Nayarit,San Blas,18012,La Manzanilla,180120059,5
Nayarit,San Blas,18012,La Palma,180120035,89
Nayarit,San Blas,18012,La Reata,180120215,1
Nayarit,San Blas,18012,Las Islitas,180120024,34
Nayarit,San Blas,18012,Matanchén (La Aguada),180120031,33
Nayarit,San Blas,18012,Mecatán,180120032,180
Nayarit,San Blas,18012,Navarrete,180120033,2
Nayarit,San Blas,18012,Playa de los Cocos,180120039,19
Nayarit,San Blas,18012,San Blas,180120001,995
Nayarit,San Blas,18012,Santa Cruz de Miramar,180120043,139
Nayarit,San Blas,18012,Singaita,180120044,7
Nayarit,San Blas,18012,Tecuitata,180120045,29
Nayarit,Santiago Ixcuintla,18015,Boca de Camichín,180150007,76
Nayarit,Santiago Ixcuintla,18015,Campo de los Limones,180150009,46
Nayarit,Santiago Ixcuintla,18015,Cañada del Tabaco,180150011,109
Nayarit,Santiago Ixcuintla,18015,Colonia Emiliano Zapata,180150019,1
Nayarit,Santiago Ixcuintla,18015,El Capomal,180150013,3
Nayarit,Santiago Ixcuintla,18015,Estación Nanchi (Peñasquillo),180150041,2
Nayarit,Santiago Ixcuintla,18015,Gavilán Grande,180150029,4
Nayarit,Santiago Ixcuintla,18015,La Presa,180150052,321
Nayarit,Santiago Ixcuintla,18015,Loma Bonita,180150005,1
Nayarit,Santiago Ixcuintla,18015,Los Corchos,180150021,58
Nayarit,Santiago Ixcuintla,18015,Los Otates,180150044,71
Nayarit,Santiago Ixcuintla,18015,Mayorquín,180150037,2
Nayarit,Santiago Ixcuintla,18015,Mexcaltitán de Uribe,180150038,15
Nayarit,Santiago Ixcuintla,18015,Pantano Grande,180150046,2
Nayarit,Santiago Ixcuintla,18015,Playa el Sesteo,180150083,26
Nayarit,Santiago Ixcuintla,18015,Pozo de Ibarra,180150032,305
Nayarit,Santiago Ixcuintla,18015,Pozo de Villa,180150051,1
Nayarit,Santiago Ixcuintla,18015,Pueblo Nuevo,180150053,26
Nayarit,Santiago Ixcuintla,18015,Puerta de Mangos,180150056,125
Nayarit,Santiago Ixcuintla,18015,San Andrés,180150062,1
Nayarit,Santiago Ixcuintla,18015,Santa Cruz,180150066,5
Nayarit,Santiago Ixcuintla,18015,Santa Rosa,180150067,12
Nayarit,Santiago Ixcuintla,18015,Santiago Ixcuintla,180150001,2105
Nayarit,Santiago Ixcuintla,18015,Sauta,180150068,1
Nayarit,Santiago Ixcuintla,18015,Sentispac,180150069,182
Nayarit,Santiago Ixcuintla,18015,Toro Mocho,180150074,12
Nayarit,Santiago Ixcuintla,18015,Valle Lerma,180150078,1
Nayarit,Santiago Ixcuintla,18015,Villa Hidalgo,180150080,914
Nayarit,Santiago Ixcuintla,18015,Villa Juárez,180150081,174
Nayarit,Santiago Ixcuintla,18015,Yago,180150082,287
Nayarit,Tecuala,18016,Agua Verde (El Salto),180160002,1
Nayarit,Tecuala,18016,Arenitas,180160005,1
Nayarit,Tecuala,18016,Novillero,180160031,65
Nayarit,Tecuala,18016,Playa Novillero,180160038,5
Nayarit,Tecuala,18016,Quimichis,180160041,167
Nayarit,Tecuala,18016,San Cayetano,180160046,1
Nayarit,Tecuala,18016,San Felipe Aztatán,180160047,288
Nayarit,Tecuala,18016,Tecuala,180160001,1472
Quintana Roo,Bacalar,23010,Andrés Quintana Roo,230100011,1
Quintana Roo,Bacalar,23010,Antorcha Bacalar,230100423,1
Quintana Roo,Bacalar,23010,Bacalar,230100001,911
Quintana Roo,Bacalar,23010,Limones,230100177,101
Quintana Roo,Benito Juárez,23005,Alfredo V. Bonfil,230050002,961
Quintana Roo,Benito Juárez,23005,Bosques del Caribe,230050237,1
Quintana Roo,Benito Juárez,23005,Cancún,230050001,28150
Quintana Roo,Benito Juárez,23005,Cancún Country Club,230051415,3
Quintana Roo,Benito Juárez,23005,Colonia Chiapaneca Siglo XXI,230051140,13
Quintana Roo,Benito Juárez,23005,El Porvenir,230051156,22
Quintana Roo,Benito Juárez,23005,Lagos del Sol,230050531,19
Quintana Roo,Benito Juárez,23005,Las Arboledas,230050202,1
Quintana Roo,Benito Juárez,23005,Península Resort,230051482,2
Quintana Roo,Cozumel,23001,Buenavista,230010165,7
Quintana Roo,Cozumel,23001,Cozumel,230010001,4968
Quintana Roo,Cozumel,23001,El Cedral,230010067,12
Quintana Roo,Cozumel,23001,La Esperanza,230010999,1
Quintana Roo,Cozumel,23001,La Estrella,230010426,1
Quintana Roo,Cozumel,23001,Las Fincas,230010932,20
Quintana Roo,Cozumel,23001,Palmar Primero,230010498,3
Quintana Roo,Cozumel,23001,Ranchitos,230010891,12
Quintana Roo,Cozumel,23001,San Fernando,230010858,6
Quintana Roo,Felipe Carrillo Puerto,23002,Chunhuhub,230020044,187
Quintana Roo,Felipe Carrillo Puerto,23002,Felipe Carrillo Puerto,230020001,1739
Quintana Roo,Felipe Carrillo Puerto,23002,Noh-Bec,230020108,1
Quintana Roo,Felipe Carrillo Puerto,23002,Punta Herrero,230020456,1
Quintana Roo,Felipe Carrillo Puerto,23002,Señor,230020239,146
Quintana Roo,Felipe Carrillo Puerto,23002,Tepich,230020248,69
Quintana Roo,Felipe Carrillo Puerto,23002,Tihosuco,230020250,179
Quintana Roo,Isla Mujeres,23003,El Dorado,230030435,1
Quintana Roo,Isla Mujeres,23003,Escénica,230030421,3
Quintana Roo,Isla Mujeres,23003,Isla Mujeres,230030001,1105
Quintana Roo,Isla Mujeres,23003,La Amada [Residencial],230030476,3
Quintana Roo,Isla Mujeres,23003,Minas de Rancho Viejo,230030500,1
Quintana Roo,Isla Mujeres,23003,Punta Sam,230030092,15
Quintana Roo,Isla Mujeres,23003,San Germán,230030470,1
Quintana Roo,Isla Mujeres,23003,Zona Urbana Ejido Isla Mujeres,230030286,199
Quintana Roo,Lázaro Cárdenas,23007,Chiquilá,230070008,5
Quintana Roo,Lázaro Cárdenas,23007,El Tintal,230070039,1
Quintana Roo,Lázaro Cárdenas,23007,Holbox,230070012,365
Quintana Roo,Lázaro Cárdenas,23007,Kantunilkín,230070001,469
Quintana Roo,Lázaro Cárdenas,23007,Nuevo Valladolid,230070041,1
Quintana Roo,Lázaro Cárdenas,23007,Nuevo Xcán,230070018,2
Quintana Roo,Lázaro Cárdenas,23007,Solferino,230070038,51
Quintana Roo,Othón P. Blanco,23004,Akal-Ki [Centro Holístico],230042549,1
Quintana Roo,Othón P. Blanco,23004,Alcaldía Mahahual [Kilómetro Cincuenta y Cuatro],230042867,8
Quintana Roo,Othón P. Blanco,23004,Calderitas,230040016,194
Quintana Roo,Othón P. Blanco,23004,Carlos A. Madrazo,230040136,2
Quintana Roo,Othón P. Blanco,23004,Chetumal,230040001,8400
Quintana Roo,Othón P. Blanco,23004,El Makulí,230042198,1
Quintana Roo,Othón P. Blanco,23004,El Placer,230042428,1
Quintana Roo,Othón P. Blanco,23004,El Porvenir,230041627,1
Quintana Roo,Othón P. Blanco,23004,Huay-Pix,230040037,3
Quintana Roo,Othón P. Blanco,23004,Javier Rojo Gómez,230040123,195
Quintana Roo,Othón P. Blanco,23004,La Unión,230040106,1
Quintana Roo,Othón P. Blanco,23004,Mahahual,230040053,385
Quintana Roo,Othón P. Blanco,23004,Nicolás Bravo,230040064,260
Quintana Roo,Othón P. Blanco,23004,Parque Industrial,230040840,17
Quintana Roo,Othón P. Blanco,23004,Pucté,230040184,1
Quintana Roo,Othón P. Blanco,23004,San Cristobal Uno,230041729,1
Quintana Roo,Othón P. Blanco,23004,Sergio Butrón Casas,230040201,67
Quintana Roo,Othón P. Blanco,23004,Subteniente López,230040098,6
Quintana Roo,Othón P. Blanco,23004,Ucum,230040104,8
Quintana Roo,Othón P. Blanco,23004,Xcalak,230040111,39
Quintana Roo,Othón P. Blanco,23004,Xul-Ha,230040114,3
Quintana Roo,Othón P. Blanco,23004,Álvaro Obregón,230040124,95
Quintana Roo,Puerto Morelos,23011,Aldea Kin,230110540,1
Quintana Roo,Puerto Morelos,23011,Central Vallarta,230110033,3
Quintana Roo,Puerto Morelos,23011,Las Sábilas [Rancho],230110187,1
Quintana Roo,Puerto Morelos,23011,Leona Vicario,230110193,288
Quintana Roo,Puerto Morelos,23011,Puerto Morelos,230110001,859
Quintana Roo,Puerto Morelos,23011,Punta Brava,230110338,1
Quintana Roo,Solidaridad,23008,El Pitayo,230080920,2
Quintana Roo,Solidaridad,23008,El Ranchito,230080232,10
Quintana Roo,Solidaridad,23008,El Sauce,230080572,3
Quintana Roo,Solidaridad,23008,Grand Palladium,230080285,23
Quintana Roo,Solidaridad,23008,Grand Sirenis,230080835,11
Quintana Roo,Solidaridad,23008,Jacinto Canek (Campesinos Unidos),230080927,1
Quintana Roo,Solidaridad,23008,Nuevo Noh-Bec,230080829,45
Quintana Roo,Solidaridad,23008,Paa Mul,230080179,1
Quintana Roo,Solidaridad,23008,Playa Paraíso,230080818,2
Quintana Roo,Solidaridad,23008,Playa del Carmen,230080001,10019
Quintana Roo,Solidaridad,23008,Puerto Aventuras,230080308,499
Quintana Roo,Solidaridad,23008,San Antonio,230080241,2
Quintana Roo,Solidaridad,23008,San José,230080265,14
Quintana Roo,Solidaridad,23008,San Martín,230080483,1
Quintana Roo,Solidaridad,23008,San Ángel,230080555,1
Quintana Roo,Solidaridad,23008,Santa Teresita,230080642,1
Quintana Roo,Solidaridad,23008,Tigre Grande,230080314,2
Quintana Roo,Solidaridad,23008,Vida y Esperanza,230080640,4
Quintana Roo,Tulum,23009,Akumal,230090005,159
Quintana Roo,Tulum,23009,Aventuras Akumal,230090016,4
Quintana Roo,Tulum,23009,Cenote Calavera,230090353,1
Quintana Roo,Tulum,23009,Chan Chemuyil,230090053,1
Quintana Roo,Tulum,23009,Ciudad Chemuyil,230090055,50
Quintana Roo,Tulum,23009,Cobá,230090057,121
Quintana Roo,Tulum,23009,Dos Palmas,230090076,1
Quintana Roo,Tulum,23009,Gran Bahía Príncipe,230090018,33
Quintana Roo,Tulum,23009,Jacinto Pat,230090104,5
Quintana Roo,Tulum,23009,Javier Rojo Gómez (Punta Allen),230090106,24
Quintana Roo,Tulum,23009,Kirabo,230090122,3
Quintana Roo,Tulum,23009,Macario Gómez,230090133,3
Quintana Roo,Tulum,23009,Manuel Antonio Ay,230090136,1
Quintana Roo,Tulum,23009,Tankah Tres,230090240,1
Quintana Roo,Tulum,23009,Tulum,230090001,1950
Sinaloa,Ahome,25001,Ahome,250010070,733
Sinaloa,Ahome,25001,Alfonso G. Calderón (Poblado Siete),250010396,121
Sinaloa,Ahome,25001,Bachomobampo Número Dos,250010407,2
Sinaloa,Ahome,25001,Bachomobampo Número Uno,250010082,3
Sinaloa,Ahome,25001,Bagojo Colectivo,250010083,210
Sinaloa,Ahome,25001,Benito Juárez,250011337,1
Sinaloa,Ahome,25001,Buenos Aires,250010680,2
Sinaloa,Ahome,25001,Bugambilias,250011191,1
Sinaloa,Ahome,25001,Cachoana,250010523,2
Sinaloa,Ahome,25001,Camayeca,250010701,1
Sinaloa,Ahome,25001,Camino Cañero,250010881,1
Sinaloa,Ahome,25001,Campo Cleyton,250010885,1
Sinaloa,Ahome,25001,Campo Gastélum,250010642,1
Sinaloa,Ahome,25001,Campo la Arrocera,250010801,57
Sinaloa,Ahome,25001,Cerrillos (Campo 35),250010115,101
Sinaloa,Ahome,25001,Cerro Batequis,250010500,2
Sinaloa,Ahome,25001,Cerro Prieto,250010284,1
Sinaloa,Ahome,25001,Chihuahuita,250010126,76
Sinaloa,Ahome,25001,Cinco de Mayo,250010703,130
Sinaloa,Ahome,25001,Cohuibampo,250010118,85
Sinaloa,Ahome,25001,Compuertas,250010120,159
Sinaloa,Ahome,25001,Dieciocho de Marzo,250010129,27
Sinaloa,Ahome,25001,Dolores Hidalgo,250010131,1
Sinaloa,Ahome,25001,Ejido 9 de Diciembre,250010189,87
Sinaloa,Ahome,25001,Ejido Benito Juárez,250010088,58
Sinaloa,Ahome,25001,Ejido Cerro Cabezón (El Chorrito),250010532,1
Sinaloa,Ahome,25001,Ejido Cuchilla de Cachoana,250010122,2
Sinaloa,Ahome,25001,Ejido Louisiana,250010174,34
Sinaloa,Ahome,25001,Ejido Macapul,250010175,2
Sinaloa,Ahome,25001,Ejido Mayocoba,250010178,1
Sinaloa,Ahome,25001,Ejido Ohuira,250010193,83
Sinaloa,Ahome,25001,Ejido Porvenir Vallejo,250010248,1
Sinaloa,Ahome,25001,Ejido Ricardo Flores Magón,250010215,73
Sinaloa,Ahome,25001,Ejido Rosendo G. Castro,250010370,2
Sinaloa,Ahome,25001,Ejido Topolobampo,250010626,2
Sinaloa,Ahome,25001,El Aguajito,250010067,2
Sinaloa,Ahome,25001,El Bordo,250010880,9
Sinaloa,Ahome,25001,El Bule,250010095,1
Sinaloa,Ahome,25001,El Colorado,250010119,87
Sinaloa,Ahome,25001,El Estero (Juan José Ríos),250010136,107
Sinaloa,Ahome,25001,El Guayabo,250010549,1
Sinaloa,Ahome,25001,El Peluchín,250010727,1
Sinaloa,Ahome,25001,El Refugio,250010212,2
Sinaloa,Ahome,25001,El Trocadero,250011214,7
Sinaloa,Ahome,25001,El Uno,250010815,11
Sinaloa,Ahome,25001,Emigdio Ruiz,250010132,3
Sinaloa,Ahome,25001,Felipe Ángeles,250010138,2
Sinaloa,Ahome,25001,Flor Azul,250010139,2
Sinaloa,Ahome,25001,Gabriel Leyva Solano (Zapotillo Dos),250010142,4
Sinaloa,Ahome,25001,Guillermo Chávez Talamantes,250010143,76
Sinaloa,Ahome,25001,Gustavo Díaz Ordaz (El Carrizo),250010156,395
Sinaloa,Ahome,25001,Higuera de Zaragoza,250010160,479
Sinaloa,Ahome,25001,Huacaporito,250010150,1
Sinaloa,Ahome,25001,Jitzámuri,250010166,1
Sinaloa,Ahome,25001,José María Robles Quintero,250011095,1
Sinaloa,Ahome,25001,La Cleyton,250010920,3
Sinaloa,Ahome,25001,La Despensa,250010128,6
Sinaloa,Ahome,25001,La Esmeralda,250010303,1
Sinaloa,Ahome,25001,La Jackson,250010765,2
Sinaloa,Ahome,25001,La Sucursal Jiquilpan,250010165,1
Sinaloa,Ahome,25001,Las Grullas Margen Derecha,250010148,2
Sinaloa,Ahome,25001,Las Grullas Margen Izquierda,250010149,4
Sinaloa,Ahome,25001,Los Algodones,250010072,1
Sinaloa,Ahome,25001,Los Mochis,250010001,16599
Sinaloa,Ahome,25001,Los Suárez,250010234,1
Sinaloa,Ahome,25001,Macapul [Almacenes],250010942,2
Sinaloa,Ahome,25001,Matacahui (El Campito),250010398,2
Sinaloa,Ahome,25001,Mochis (Ejido Mochis),250010183,128
Sinaloa,Ahome,25001,Mártires de Sinaloa Dos,250010176,1
Sinaloa,Ahome,25001,Niños Héroes de Chapultepec [Estación Francisco],250010186,3
Sinaloa,Ahome,25001,Nuevo San Miguel,250010818,95
Sinaloa,Ahome,25001,Paredones,250010349,34
Sinaloa,Ahome,25001,Plan de Ayala [Campo Cinco],250010197,38
Sinaloa,Ahome,25001,Plan de San Luis,250010199,18
Sinaloa,Ahome,25001,Poblado Número Cinco,250010356,80
Sinaloa,Ahome,25001,Poblado Número Seis (Los Natoches),250010357,3
Sinaloa,Ahome,25001,Primero de Mayo,250010205,127
Sinaloa,Ahome,25001,Pueblo Nuevo Luis Echeverría,250010947,26
Sinaloa,Ahome,25001,San Felipe [Empaque],250010844,1
Sinaloa,Ahome,25001,San Isidro,250010090,1
Sinaloa,Ahome,25001,San José de Ahome,250010459,5
Sinaloa,Ahome,25001,San Miguel Zapotitlán,250010227,345
Sinaloa,Ahome,25001,San Miguelito,250010359,1
Sinaloa,Ahome,25001,San Pablo,250010228,1
Sinaloa,Ahome,25001,Tabelojeca,250010621,2
Sinaloa,Ahome,25001,Topolobampo,250010240,393
Sinaloa,Ahome,25001,Venustiano Carranza y Reforma,250010253,2
Sinaloa,Ahome,25001,Zapotillo Uno (Zapotillo Viejo),250010252,3
Sinaloa,Angostura,25002,18 de Diciembre,250020126,1
Sinaloa,Angostura,25002,Agustina Ramírez,250020005,3
Sinaloa,Angostura,25002,Alhuey,250020007,173
Sinaloa,Angostura,25002,Alhueycito,250020147,1
Sinaloa,Angostura,25002,Angostura,250020001,529
Sinaloa,Angostura,25002,Campo el General,250020018,1
Sinaloa,Angostura,25002,Capomos,250020022,2
Sinaloa,Angostura,25002,Caseta de Cobro Alhuey,250020243,3
Sinaloa,Angostura,25002,Cerro Segundo,250020030,2
Sinaloa,Angostura,25002,Colonia Agrícola México (Palmitas),250020032,142
Sinaloa,Angostura,25002,Colonia Agrícola Sinaloa,250020033,1
Sinaloa,Angostura,25002,Colonia Independencia (Chinitos),250020031,303
Sinaloa,Angostura,25002,Dámaso Cárdenas,250020040,1
Sinaloa,Angostura,25002,Ejido Independencia,250020058,3
Sinaloa,Angostura,25002,El Nuevo Ostional,250020118,1
Sinaloa,Angostura,25002,El Ranchito,250020188,3
Sinaloa,Angostura,25002,El Ébano,250020041,3
Sinaloa,Angostura,25002,Estación Acatita,250020044,2
Sinaloa,Angostura,25002,Gustavo Díaz Ordaz (Campo Plata),250020055,2
Sinaloa,Angostura,25002,La Esperanza,250020043,2
Sinaloa,Angostura,25002,La Palma,250020080,3
Sinaloa,Angostura,25002,La Reforma,250020093,338
Sinaloa,Angostura,25002,Las Tatemitas,250020125,1
Sinaloa,Angostura,25002,Leopoldo Sánchez Celis (El Gato de Lara),250020067,8
Sinaloa,Angostura,25002,Nacozari,250020072,1
Sinaloa,Angostura,25002,Protomártir de Sinaloa,250020089,3
Sinaloa,Angostura,25002,Rafael Buelna,250020091,2
Sinaloa,Angostura,25002,San Isidro,250020100,3
Sinaloa,Angostura,25002,San Luciano,250020101,1
Sinaloa,Angostura,25002,Valentín Gómez Farías (El Muerto),250020054,1
Sinaloa,Culiacán,25006,Adolfo López Mateos (El Tamarindo),250060746,248
Sinaloa,Culiacán,25006,Agua Caliente de los Monzón,250060098,1
Sinaloa,Culiacán,25006,Argentina Dos,250060890,12
Sinaloa,Culiacán,25006,Bachigualatito,250063141,28
Sinaloa,Culiacán,25006,Bacurimí,250061461,13
Sinaloa,Culiacán,25006,Bellavista,250060882,6
Sinaloa,Culiacán,25006,Campestre Castilla,250063316,1
Sinaloa,Culiacán,25006,Campo Acapulco,250061240,3
Sinaloa,Culiacán,25006,Campo Canán,250062229,5
Sinaloa,Culiacán,25006,Campo Cuba,250062099,13
Sinaloa,Culiacán,25006,Campo Eureka,250060356,2
Sinaloa,Culiacán,25006,Campo Morelia,250060236,1
Sinaloa,Culiacán,25006,Campo Nora,250062391,5
Sinaloa,Culiacán,25006,Campo Patricia,250061483,4
Sinaloa,Culiacán,25006,Campo Podesta,250060934,1
Sinaloa,Culiacán,25006,Campo el Seis,250061222,1
Sinaloa,Culiacán,25006,Campo el Sol [Campo Pegaso],250062266,6
Sinaloa,Culiacán,25006,Campo la Flor,250061366,2
Sinaloa,Culiacán,25006,Carboneras,250061305,1
Sinaloa,Culiacán,25006,Carrizalejo,250060275,1
Sinaloa,Culiacán,25006,Casa Blanca,250061116,4
Sinaloa,Culiacán,25006,Chulavista Dos,250063348,2
Sinaloa,Culiacán,25006,Colonia Villa Arredondo,250063011,1
Sinaloa,Culiacán,25006,Colonia Villarreal (Las Coloradas),250063466,6
Sinaloa,Culiacán,25006,Cospita,250060311,1
Sinaloa,Culiacán,25006,Costa Rica,250060312,1220
Sinaloa,Culiacán,25006,Culiacancito,250060321,216
Sinaloa,Culiacán,25006,Culiacán Rosales,250060001,37195
Sinaloa,Culiacán,25006,Ejido Campo Gobierno Número Dos,250061371,1
Sinaloa,Culiacán,25006,Ejido Canán,250062073,23
Sinaloa,Culiacán,25006,Ejido Mezquitillo (Chapeteado),250060478,1
Sinaloa,Culiacán,25006,Ejido Mezquitillo Número Dos,250061062,1
Sinaloa,Culiacán,25006,Ejido Sección Alhuate,250060121,2
Sinaloa,Culiacán,25006,Ejido Tierra y Libertad Número Dos,250061042,1
Sinaloa,Culiacán,25006,Ejido el Melón (San Alejandro),250060471,2
Sinaloa,Culiacán,25006,Ejido el Quemadito,250060933,26
Sinaloa,Culiacán,25006,Ejido el Quince (El Quincito),250060889,11
Sinaloa,Culiacán,25006,Ejido el Álamo,250061250,1
Sinaloa,Culiacán,25006,Ejido la Flor,250060360,1
Sinaloa,Culiacán,25006,Ejido los Huizaches,250060884,18
Sinaloa,Culiacán,25006,El Alto de Culiacancito,250061258,3
Sinaloa,Culiacán,25006,El Alto de Oso,250061259,1
Sinaloa,Culiacán,25006,El Conchal,250060305,2
Sinaloa,Culiacán,25006,El Diez,250061346,402
Sinaloa,Culiacán,25006,El Higueral,250060391,4
Sinaloa,Culiacán,25006,El Higueral,250063254,1
Sinaloa,Culiacán,25006,El Limón de los Ramos,250060443,87
Sinaloa,Culiacán,25006,El Pando,250063230,1
Sinaloa,Culiacán,25006,El Pinole,250060556,20
Sinaloa,Culiacán,25006,El Quemadito (La Villa),250062515,1
Sinaloa,Culiacán,25006,El Quince,250061514,1
Sinaloa,Culiacán,25006,El Ranchito,250062518,82
Sinaloa,Culiacán,25006,El Robalar,250061044,1
Sinaloa,Culiacán,25006,El Sabino [Empaque],250060635,1
Sinaloa,Culiacán,25006,El Salado,250060622,8
Sinaloa,Culiacán,25006,El Tepuche,250060713,3
Sinaloa,Culiacán,25006,El Traky,250062714,1
Sinaloa,Culiacán,25006,El Venadillo,250060162,9
Sinaloa,Culiacán,25006,Eldorado,250060341,1211
Sinaloa,Culiacán,25006,Estación Abuya,250060091,2
Sinaloa,Culiacán,25006,Estación Obispo,250061360,187
Sinaloa,Culiacán,25006,Estación Quilá,250061361,2
Sinaloa,Culiacán,25006,Estación Rosales,250060612,41
Sinaloa,Culiacán,25006,Guadalupe Victoria (El Atorón),250061384,2
Sinaloa,Culiacán,25006,Higueras de Abuya,250060394,2
Sinaloa,Culiacán,25006,Imala,250060413,1
Sinaloa,Culiacán,25006,Jesús María,250060421,1
Sinaloa,Culiacán,25006,Kilómetro Dos y Medio,250062807,2
Sinaloa,Culiacán,25006,La Báscula [Crucero de Costa Rica],250061098,3
Sinaloa,Culiacán,25006,La Compuerta,250060304,2
Sinaloa,Culiacán,25006,La Cruz de Carrizalejo,250060846,2
Sinaloa,Culiacán,25006,La Fortuna [Invernadero],250062806,1
Sinaloa,Culiacán,25006,La Higuerita (Las Higueras de Culiacán),250060400,43
Sinaloa,Culiacán,25006,La Limita de Itaje,250061720,1
Sinaloa,Culiacán,25006,La Loma (La Loma de Quila),250060459,2
Sinaloa,Culiacán,25006,La Pedrera,250060888,11
Sinaloa,Culiacán,25006,La Platanera (El Pizal),250061684,17
Sinaloa,Culiacán,25006,La Presita,250060579,3
Sinaloa,Culiacán,25006,Laguna Colorada,250060430,2
Sinaloa,Culiacán,25006,Las Arenitas,250060133,1
Sinaloa,Culiacán,25006,Las Bateas,250060163,11
Sinaloa,Culiacán,25006,Las Flores,250060361,1
Sinaloa,Culiacán,25006,Las Palmas,250061472,3
Sinaloa,Culiacán,25006,Las Piedritas,250060551,2
Sinaloa,Culiacán,25006,Leopoldo Sánchez Celis,250060438,182
Sinaloa,Culiacán,25006,Los Álamos [Invasión],250063081,1
Sinaloa,Culiacán,25006,Mezquitita,250060479,2
Sinaloa,Culiacán,25006,Mojolo,250060487,1
Sinaloa,Culiacán,25006,Navito,250060505,1
Sinaloa,Culiacán,25006,Nuevo Centro de Población Ejidal el 30,250061867,3
Sinaloa,Culiacán,25006,Nuevo Higueral,250061168,1
Sinaloa,Culiacán,25006,Oso Nuevo (El Oso),250060518,2
Sinaloa,Culiacán,25006,Oso Viejo,250060519,2
Sinaloa,Culiacán,25006,Paralelo Treinta y Ocho [Empaque Agrícola],250061325,4
Sinaloa,Culiacán,25006,Península de Villamoros,250060544,1
Sinaloa,Culiacán,25006,Plan de Oriente (El Doce),250060562,2
Sinaloa,Culiacán,25006,Pueblos Unidos,250061194,162
Sinaloa,Culiacán,25006,Quilá,250060591,459
Sinaloa,Culiacán,25006,Río Florido,250060609,1
Sinaloa,Culiacán,25006,San Francisco de Tacuichamona,250060704,2
Sinaloa,Culiacán,25006,San Rafael,250060667,1
Sinaloa,Culiacán,25006,San Rafael,250061362,3
Sinaloa,Culiacán,25006,Sanalona,250060627,3
Sinaloa,Culiacán,25006,Santa Aurora [Agrícola],250062937,2
Sinaloa,Culiacán,25006,Santa Sofia [Empaque],250062445,1
Sinaloa,Culiacán,25006,Sección San Rafael (Las Casitas),250062849,3
Sinaloa,Culiacán,25006,Solidaridad Campesina,250063449,1
Sinaloa,Culiacán,25006,Soyatita,250061695,1
Sinaloa,Culiacán,25006,Tabalá,250060702,1
Sinaloa,Culiacán,25006,Valle Escondido,250062160,3
Sinaloa,Culiacán,25006,Walamito,250061412,1
Sinaloa,El Fuerte,25010,Adolfo López Mateos (Jahuara Segundo),250100102,189
Sinaloa,El Fuerte,25010,Barotén,250100026,1
Sinaloa,El Fuerte,25010,Benito Juárez (Vinatería),250100213,4
Sinaloa,El Fuerte,25010,Charay,250100069,160
Sinaloa,El Fuerte,25010,Chinobampo,250100072,2
Sinaloa,El Fuerte,25010,Constancia,250100058,315
Sinaloa,El Fuerte,25010,Dos de Abril,250100079,2
Sinaloa,El Fuerte,25010,El Fuerte,250100001,978
Sinaloa,El Fuerte,25010,El Pochotal,250100153,1
Sinaloa,El Fuerte,25010,Huepaco,250100478,1
Sinaloa,El Fuerte,25010,La Corona,250101453,1
Sinaloa,El Fuerte,25010,La Genoveva,250100227,1
Sinaloa,El Fuerte,25010,Llano de los López,250100118,1
Sinaloa,El Fuerte,25010,Los Hornillos,250100097,1
Sinaloa,El Fuerte,25010,Los Taxtes,250100193,14
Sinaloa,El Fuerte,25010,Lázaro Cárdenas (Campo Esperanza),250100042,1
Sinaloa,El Fuerte,25010,Mochicahui,250100133,389
Sinaloa,El Fuerte,25010,Ocolome,250100143,1
Sinaloa,El Fuerte,25010,San Blas,250100179,344
Sinaloa,El Fuerte,25010,Santa María,250100187,1
Sinaloa,El Fuerte,25010,Sibajahui,250100189,1
Sinaloa,El Fuerte,25010,Tehueco,250100195,2
Sinaloa,El Fuerte,25010,Tetaroba,250100202,1
Sinaloa,El Fuerte,25010,Tres Garantías,250100207,2
Sinaloa,El Fuerte,25010,Téroque Viejo,250100625,1
Sinaloa,Elota,25008,Agua Nueva,250080004,1
Sinaloa,Elota,25008,Casas Viejas,250080132,3
Sinaloa,Elota,25008,Celestino Gazca Villaseñor,250080164,1
Sinaloa,Elota,25008,Ceuta,250080024,2
Sinaloa,Elota,25008,Colonia Buenos Aires,250080409,2
Sinaloa,Elota,25008,Ejido Culiacán (Culiacancito),250080028,1
Sinaloa,Elota,25008,El Bolillo,250080009,2
Sinaloa,Elota,25008,El Espinal,250080035,3
Sinaloa,Elota,25008,El Saladito,250080150,1
Sinaloa,Elota,25008,Elota,250080030,1
Sinaloa,Elota,25008,Emiliano Zapata,250080031,2
Sinaloa,Elota,25008,La Cruz,250080001,1223
Sinaloa,Elota,25008,La Papalota,250080172,1
Sinaloa,Elota,25008,Los Mecates,250080054,1
Sinaloa,Elota,25008,Potrerillo del Norote,250080067,2
Sinaloa,Elota,25008,San José de Conitaca (Nuevo Conitaca),250080182,2
Sinaloa,Elota,25008,Tanques,250080085,3
Sinaloa,Escuinapa,25009,Celaya,250090018,1
Sinaloa,Escuinapa,25009,Escuinapa de Hidalgo,250090001,1975
Sinaloa,Escuinapa,25009,Isla del Bosque,250090034,330
Sinaloa,Escuinapa,25009,La Concha (La Concepción),250090020,2
Sinaloa,Escuinapa,25009,Ojo de Agua de Palmillas,250090043,107
Sinaloa,Escuinapa,25009,Rincón del Verde,250090055,1
Sinaloa,Escuinapa,25009,San Miguel de la Atarjea,250090197,1
Sinaloa,Escuinapa,25009,Teacapán,250090060,222
Sinaloa,Escuinapa,25009,Tecualilla,250090062,7
Sinaloa,Guasave,25011,22-15 [Campo Pesquero],250110941,1
Sinaloa,Guasave,25011,24 de Febrero,250111020,25
Sinaloa,Guasave,25011,Adolfo Ruiz Cortines,250110035,758
Sinaloa,Guasave,25011,Agua Blancona,250110912,1
Sinaloa,Guasave,25011,Babujaqui,250110332,12
Sinaloa,Guasave,25011,Bachoco,250110049,139
Sinaloa,Guasave,25011,Bamoa,250110052,132
Sinaloa,Guasave,25011,Boca del Río,250110386,1
Sinaloa,Guasave,25011,Buen Retiro (El Retiro),250110063,2
Sinaloa,Guasave,25011,Caimanero,250110066,60
Sinaloa,Guasave,25011,Caimanero,250111086,6
Sinaloa,Guasave,25011,Callejones de Guasavito,250110070,154
Sinaloa,Guasave,25011,Callejones de Tamazula,250110069,1
Sinaloa,Guasave,25011,Camagüey (Campo Bórquez),250110614,1
Sinaloa,Guasave,25011,Campo Treinta y Ocho,250111032,6
Sinaloa,Guasave,25011,Campo Yory,250111128,1
Sinaloa,Guasave,25011,Carboneras,250110083,3
Sinaloa,Guasave,25011,Casa Blanca,250110085,3
Sinaloa,Guasave,25011,Choipa,250110312,2
Sinaloa,Guasave,25011,Choipa,250111071,1
Sinaloa,Guasave,25011,Chorohui,250110113,1
Sinaloa,Guasave,25011,Cinco de Mayo (Agua Blanca),250110088,23
Sinaloa,Guasave,25011,Cofradía de Tamazula (La Cofradía),250110089,2
Sinaloa,Guasave,25011,Corerepe (El Gallo),250110093,143
Sinaloa,Guasave,25011,Cruz Blanca,250110097,2
Sinaloa,Guasave,25011,Cubilete Número Dos,250110103,2
Sinaloa,Guasave,25011,Dorado Número Tres (Doradito),250110736,1
Sinaloa,Guasave,25011,Ejido Chino de los López,250110112,1
Sinaloa,Guasave,25011,Ejido Figueroa,250110520,24
Sinaloa,Guasave,25011,Ejido Treinta y Ochito,250110074,18
Sinaloa,Guasave,25011,Ejido la Entrada (El Poblado),250110124,32
Sinaloa,Guasave,25011,Ejido los Pinitos,250110869,10
Sinaloa,Guasave,25011,El Amole,250110044,3
Sinaloa,Guasave,25011,El Amolito,250110657,3
Sinaloa,Guasave,25011,El Burrión,250110064,158
Sinaloa,Guasave,25011,El Campesino,250110434,13
Sinaloa,Guasave,25011,El Cerro Cabezón,250110065,74
Sinaloa,Guasave,25011,El Choyal,250110382,1
Sinaloa,Guasave,25011,El Cubilete (El Cubilete Número Uno),250110102,109
Sinaloa,Guasave,25011,El Cuitabón,250110108,30
Sinaloa,Guasave,25011,El Dorado Número Uno,250110120,1
Sinaloa,Guasave,25011,El Huitussi,250110148,75
Sinaloa,Guasave,25011,El Huitussi y Anexos (El Huitussito),250110300,25
Sinaloa,Guasave,25011,El Marcol,250110777,3
Sinaloa,Guasave,25011,El Mezquital,250110166,5
Sinaloa,Guasave,25011,El Paraíso (La Chirimilla),250111273,1
Sinaloa,Guasave,25011,El Pitahayal,250110194,3
Sinaloa,Guasave,25011,El Progreso,250110209,3
Sinaloa,Guasave,25011,El Sabino,250110226,3
Sinaloa,Guasave,25011,El Varal (San Sebastián Número Uno),250110364,5
Sinaloa,Guasave,25011,Emilio Portes Gil (Agua Blanca),250110037,12
Sinaloa,Guasave,25011,Estación Bamoa (Campo Wilson),250110051,379
Sinaloa,Guasave,25011,Francisco R. Serrano,250110131,1
Sinaloa,Guasave,25011,Gabriel Leyva Solano (Benito Juárez),250110132,961
Sinaloa,Guasave,25011,Gambino,250110134,2
Sinaloa,Guasave,25011,Guasave,250110001,5808
Sinaloa,Guasave,25011,Guasavito,250110140,6
Sinaloa,Guasave,25011,Guayparime,250110430,1
Sinaloa,Guasave,25011,Herculano de la Rocha,250110301,2
Sinaloa,Guasave,25011,Héroes Mexicanos,250110299,15
Sinaloa,Guasave,25011,Javier Rojo Gómez,250110475,2
Sinaloa,Guasave,25011,Juan José Ríos,250110138,1123
Sinaloa,Guasave,25011,La Bebelama,250110055,1
Sinaloa,Guasave,25011,La Brecha,250110059,7
Sinaloa,Guasave,25011,La Chuparrosa,250110115,2
Sinaloa,Guasave,25011,La Cuestona,250110107,2
Sinaloa,Guasave,25011,La Escalera,250110125,16
Sinaloa,Guasave,25011,La Guamuchilera,250110755,2
Sinaloa,Guasave,25011,La Noria,250110177,2
Sinaloa,Guasave,25011,La Palmita,250110445,1
Sinaloa,Guasave,25011,La Sabanilla [Campo Preciado],250110206,3
Sinaloa,Guasave,25011,La Trinidad,250110282,177
Sinaloa,Guasave,25011,La Virgencita (Lindavista),250110899,1
Sinaloa,Guasave,25011,Ladrilleras de Ocoro,250110358,105
Sinaloa,Guasave,25011,Las Américas,250110043,2
Sinaloa,Guasave,25011,Las Brisas (Emiliano Zapata),250110060,4
Sinaloa,Guasave,25011,Las Crucecitas,250110370,2
Sinaloa,Guasave,25011,Las Cuchillas,250110387,2
Sinaloa,Guasave,25011,Las Glorias,250110751,2
Sinaloa,Guasave,25011,Las Juntitas de Valdez,250110154,13
Sinaloa,Guasave,25011,Las Moras,250110170,2
Sinaloa,Guasave,25011,Las Parritas,250110191,27
Sinaloa,Guasave,25011,Las Pilas,250110193,2
Sinaloa,Guasave,25011,Las Pilas,250110984,1
Sinaloa,Guasave,25011,Las Playas (La Palma),250110199,2
Sinaloa,Guasave,25011,Las Tortugas (La 300),250110279,3
Sinaloa,Guasave,25011,León Fonseca (Estación Verdura),250110161,202
Sinaloa,Guasave,25011,Los Ángeles,250110283,91
Sinaloa,Guasave,25011,Miguel Alemán,250110168,1
Sinaloa,Guasave,25011,Miguel Hidalgo,250110623,2
Sinaloa,Guasave,25011,Nío,250110175,94
Sinaloa,Guasave,25011,Orba (Infiernito),250110181,2
Sinaloa,Guasave,25011,Palos Verdes,250110188,4
Sinaloa,Guasave,25011,Portugués de Gálvez,250110203,1
Sinaloa,Guasave,25011,Pueblo Viejo,250110211,3
Sinaloa,Guasave,25011,Ranchito de Caimanero (Infiernito),250110359,6
Sinaloa,Guasave,25011,Ranchito de Castro,250110214,2
Sinaloa,Guasave,25011,Ranchito de Inzunza,250110816,15
Sinaloa,Guasave,25011,Roberto Barrios,250110220,3
Sinaloa,Guasave,25011,San Antonio,250110229,2
Sinaloa,Guasave,25011,San Carlos,250110637,1
Sinaloa,Guasave,25011,San Fernandito,250110232,1
Sinaloa,Guasave,25011,San Fernando,250110233,2
Sinaloa,Guasave,25011,San José de Guayparime,250110759,17
Sinaloa,Guasave,25011,San José de Palos Blancos (Palos Blancos),250110187,3
Sinaloa,Guasave,25011,San José de la Brecha,250110239,1
Sinaloa,Guasave,25011,San Pascual,250110248,1
Sinaloa,Guasave,25011,San Pedro Guasave (El Ranchito),250110249,3
Sinaloa,Guasave,25011,San Rafael (General Miguel Valle Dávalos),250110251,5
Sinaloa,Guasave,25011,Santa Teresa de los Olivos (El Pinito),250110868,1
Sinaloa,Guasave,25011,Sector la Cruz,250110714,3
Sinaloa,Guasave,25011,Tamazula,250110269,136
Sinaloa,Guasave,25011,Terahuito,250110645,1
Sinaloa,Guasave,25011,Utatave (Mautillos),250110284,13
Sinaloa,Guasave,25011,Valle Verde,250111075,1
Sinaloa,Mazatlán,25012,Barrón,250120134,1
Sinaloa,Mazatlán,25012,El Castillo,250120162,2
Sinaloa,Mazatlán,25012,El Habal,250120210,3
Sinaloa,Mazatlán,25012,El Puente del Quelite,250120291,1
Sinaloa,Mazatlán,25012,El Quelite,250120296,3
Sinaloa,Mazatlán,25012,El Roble,250120304,88
Sinaloa,Mazatlán,25012,El Tecomate de Siqueros,250120331,2
Sinaloa,Mazatlán,25012,El Vainillo,250120341,1
Sinaloa,Mazatlán,25012,El Walamo,250120761,100
Sinaloa,Mazatlán,25012,Escamillas,250120191,1
Sinaloa,Mazatlán,25012,Estación Presidio,250120586,1
Sinaloa,Mazatlán,25012,Fraccionamiento los Ángeles,250121257,125
Sinaloa,Mazatlán,25012,La Noria de San Antonio (La Noria),250120263,1
Sinaloa,Mazatlán,25012,Las Higueras del Conchi,250120483,1
Sinaloa,Mazatlán,25012,Los Cedros,250120990,2
Sinaloa,Mazatlán,25012,Mazatlán,250120001,22123
Sinaloa,Mazatlán,25012,San Antonio,250120719,1
Sinaloa,Mazatlán,25012,San Francisquito,250120311,2
Sinaloa,Mazatlán,25012,San Marcos,250120313,1
Sinaloa,Mazatlán,25012,Siqueros,250120325,1
Sinaloa,Mazatlán,25012,Villa Unión,250120348,929
Sinaloa,Navolato,25018,Agrícola AGA JBS,250180206,2
Sinaloa,Navolato,25018,Aguapepito,250180003,1
Sinaloa,Navolato,25018,Altata,250180006,135
Sinaloa,Navolato,25018,Bachigualatillo,250180009,1
Sinaloa,Navolato,25018,Bachoco,250180011,2
Sinaloa,Navolato,25018,Bariometo,250180017,34
Sinaloa,Navolato,25018,Bariometo Segundo,250180018,2
Sinaloa,Navolato,25018,Campo Balbuena,250180199,2
Sinaloa,Navolato,25018,Campo Berlín (Berlín),250180604,10
Sinaloa,Navolato,25018,Campo Clouthier,250180228,1
Sinaloa,Navolato,25018,Campo Lo de Beltrán,250180561,3
Sinaloa,Navolato,25018,Campo México y Oriente,250180288,2
Sinaloa,Navolato,25018,Campo San José,250180481,4
Sinaloa,Navolato,25018,Campo Vital (Cofradía de la Estancia Número Dos),250180219,5
Sinaloa,Navolato,25018,Campo el Diecisiete,250180557,1
Sinaloa,Navolato,25018,Cofradía de Navolato (Cofradía de los Rocha),250180045,35
Sinaloa,Navolato,25018,Cofradía de San Pedro (Cofradía de la Estancia),250180230,26
Sinaloa,Navolato,25018,Cofradía de la Loma,250180044,1
Sinaloa,Navolato,25018,Colonia Michoacana,250180074,9
Sinaloa,Navolato,25018,Colonia Michoacana (Luis Vélez),250180283,2
Sinaloa,Navolato,25018,Curva de Vázquez,250180620,4
Sinaloa,Navolato,25018,Dautillos,250180054,3
Sinaloa,Navolato,25018,Ejido Convención de Aguascalientes,250180145,23
Sinaloa,Navolato,25018,Ejido el Caimancito,250180527,1
Sinaloa,Navolato,25018,Ejido la Paloma,250180507,1
Sinaloa,Navolato,25018,El Batallón,250180019,29
Sinaloa,Navolato,25018,El Bledal,250180023,2
Sinaloa,Navolato,25018,El Bolsón,250180026,1
Sinaloa,Navolato,25018,El Castillo,250180041,95
Sinaloa,Navolato,25018,El Diecisiete,250180037,19
Sinaloa,Navolato,25018,El Limoncito,250180068,8
Sinaloa,Navolato,25018,El Molino,250180292,2
Sinaloa,Navolato,25018,El Pizal,250180380,1
Sinaloa,Navolato,25018,El Potrero de Sataya,250180121,1
Sinaloa,Navolato,25018,El Tetuán Nuevo,250180434,1
Sinaloa,Navolato,25018,El Vergel,250180120,1
Sinaloa,Navolato,25018,General Ángel Flores (La Palma),250180091,445
Sinaloa,Navolato,25018,Isla Cortés,250182205,2
Sinaloa,Navolato,25018,Juan Aldama (El Tigre),250180065,113
Sinaloa,Navolato,25018,La Bebelama de San Pedro,250180186,17
Sinaloa,Navolato,25018,La Campiña de San Pedro (La Campiña),250180407,2
Sinaloa,Navolato,25018,La Curva (La Curva de San Pedro),250180239,5
Sinaloa,Navolato,25018,La Pipima,250180086,2
Sinaloa,Navolato,25018,La Sinaloa,250180364,25
Sinaloa,Navolato,25018,La Tomatera,250180161,1
Sinaloa,Navolato,25018,Laguna de San Pedro,250180276,11
Sinaloa,Navolato,25018,Las Aguamitas,250180131,2
Sinaloa,Navolato,25018,Las Cruces,250182142,1
Sinaloa,Navolato,25018,Las Ilusiones,250180274,1
Sinaloa,Navolato,25018,Las Puentes (Guadalupe Victoria),250180322,2
Sinaloa,Navolato,25018,Licenciado Alfredo Valdez Montoya,250180004,2
Sinaloa,Navolato,25018,Licenciado Benito Juárez (Campo Gobierno),250180374,950
Sinaloa,Navolato,25018,Lo de Jesús [Campo Romero],250180210,2
Sinaloa,Navolato,25018,Lo de Reyes,250180070,2
Sinaloa,Navolato,25018,Lo de Sauceda,250180071,10
Sinaloa,Navolato,25018,Los Alamitos,250180132,2
Sinaloa,Navolato,25018,Los Arredondo (Los Arredondo de San Pedro),250180008,11
Sinaloa,Navolato,25018,Los Rieles,250180402,9
Sinaloa,Navolato,25018,Monte Calvario,250180511,1
Sinaloa,Navolato,25018,Montelargo,250180076,1
Sinaloa,Navolato,25018,Navolato,250180001,1925
Sinaloa,Navolato,25018,Otameto,250180080,2
Sinaloa,Navolato,25018,Rosa Morada,250180098,2
Sinaloa,Navolato,25018,Río Viejo,250180097,1
Sinaloa,Navolato,25018,San Blas,250180607,8
Sinaloa,Navolato,25018,San Luis,250180349,1
Sinaloa,Navolato,25018,San Manuel,250182135,15
Sinaloa,Navolato,25018,San Pedro,250180355,235
Sinaloa,Navolato,25018,Santa Cecilia,250180361,4
Sinaloa,Navolato,25018,Santa Fe,250180107,12
Sinaloa,Navolato,25018,Sataya,250180078,2
Sinaloa,Navolato,25018,Toboloto,250180367,1
Sinaloa,Navolato,25018,Villamoros,250180123,5
Sinaloa,Navolato,25018,Yebavito,250180127,35
Sinaloa,Rosario,25014,Agua Verde,250140388,181
Sinaloa,Rosario,25014,Apoderado,250140390,1
Sinaloa,Rosario,25014,Cacalotán,250140394,1
Sinaloa,Rosario,25014,Cajón Verde,250140011,2
Sinaloa,Rosario,25014,Chilillos,250140018,2
Sinaloa,Rosario,25014,Cruz Pedregoza,250140015,1
Sinaloa,Rosario,25014,Ejido Francisco Villa (Las Garzas),250140398,1
Sinaloa,Rosario,25014,Ejido Gregorio Vázquez Moreno (San Joachín),250140020,1
Sinaloa,Rosario,25014,El Rosario,250140001,1150
Sinaloa,Rosario,25014,Estación Rosario,250140055,1
Sinaloa,Rosario,25014,Hacienda el Tamarindo,250140059,1
Sinaloa,Rosario,25014,Las Higueras,250140024,1
Sinaloa,Rosario,25014,Loma de Potrerillos,250140575,1
Sinaloa,Rosario,25014,Los Pozos,250140041,1
Sinaloa,Rosario,25014,Montealto,250140035,1
Sinaloa,Rosario,25014,Ojitos,250140037,1
Sinaloa,Rosario,25014,Potrerillos,250140047,3
Sinaloa,Rosario,25014,Tazajal,250140131,2
Sinaloa,Rosario,25014,Teodoro Beltrán (La Hacienda),250140134,1
Sinaloa,San Ignacio,25016,Camino Real de Piaxtla,250160035,2
Sinaloa,San Ignacio,25016,Coyotitán,250160052,4
Sinaloa,San Ignacio,25016,Crucero de Piaxtla (La Cacharola),250160054,2
Sinaloa,San Ignacio,25016,Dimas (Estación Dimas),250160066,244
Sinaloa,San Ignacio,25016,La Chora (Colonia Renato Vega),250160826,2
Sinaloa,San Ignacio,25016,La Labor,250160093,2
Sinaloa,San Ignacio,25016,Piaxtla de Abajo,250160117,2
Sinaloa,San Ignacio,25016,San Ignacio,250160001,294
Sinaloa,San Ignacio,25016,San Javier,250160151,1
Sonora,Benito Juárez,26071,Agua Blanca,260710003,1
Sonora,Benito Juárez,26071,Jecopaco,260710104,53
Sonora,Benito Juárez,26071,Paredoncito,260710141,3
Sonora,Benito Juárez,26071,Paredón Colorado (Paredón Viejo),260710139,115
Sonora,Benito Juárez,26071,Villa Juárez,260710001,661
Sonora,Bácum,26012,Atotonilco,260120003,1
Sonora,Bácum,26012,Bácum,260120001,224
Sonora,Bácum,26012,Francisco Javier Mina (Campo 60),260120082,223
Sonora,Bácum,26012,Primero de Mayo (Campo 77),260120090,73
Sonora,Bácum,26012,San José,260120172,1
Sonora,Bácum,26012,San José de Bácum,260120093,178
Sonora,Bácum,26012,Santa Teresa,260120094,1
Sonora,Bácum,26012,Villa Guadalupe,260120100,1
Sonora,Caborca,26017,El Coyote,260170062,1
Sonora,Caborca,26017,El Diamante (La Retranca),260170083,1
Sonora,Caborca,26017,Heroica Caborca,260170001,3657
Sonora,Caborca,26017,Juan Álvarez,260170419,1
Sonora,Caborca,26017,La Esmeralda I,260171221,1
Sonora,Caborca,26017,Plutarco Elías Calles (La Y Griega),260170246,248
Sonora,Caborca,26017,Poblado San Felipe,260170898,1
Sonora,Caborca,26017,Puerto Lobos,260170166,11
Sonora,Caborca,26017,Siempre Viva,260170612,1
Sonora,Caborca,26017,Álvaro Obregón,260170009,16
Sonora,Cajeme,26018,31 de Octubre,260180397,30
Sonora,Cajeme,26018,Allende (El Dieciocho),260180074,1
Sonora,Cajeme,26018,Antonio Rosales,260180076,2
Sonora,Cajeme,26018,Centauro del Norte,260180405,2
Sonora,Cajeme,26018,Ciudad Obregón,260180001,16424
Sonora,Cajeme,26018,Cuauhtémoc (Campo Cinco),260180093,62
Sonora,Cajeme,26018,Cócorit,260180284,300
Sonora,Cajeme,26018,Ejido Tepeyac (Campo Dos),260180391,1
Sonora,Cajeme,26018,El Henequén,260180505,1
Sonora,Cajeme,26018,Esperanza,260180311,1265
Sonora,Cajeme,26018,Estación Corral,260180289,59
Sonora,Cajeme,26018,Francisco I. Madero (Campo 30),260180314,3
Sonora,Cajeme,26018,Francisco Villa,260180315,1
Sonora,Cajeme,26018,Kilómetro Nueve (El Pueblito),260180543,1
Sonora,Cajeme,26018,Los Hornos,260180319,5
Sonora,Cajeme,26018,Los Machochos,260181977,1
Sonora,Cajeme,26018,Marte R. Gómez (Tobarito),260180334,286
Sonora,Cajeme,26018,Morelos Uno,260180340,1
Sonora,Cajeme,26018,Progreso (Campo 47),260180362,1
Sonora,Cajeme,26018,Providencia,260180364,192
Sonora,Cajeme,26018,Pueblo Yaqui,260180403,562
Sonora,Cajeme,26018,Puente de Picos,260180535,1
Sonora,Cajeme,26018,Quetchehueca,260180365,81
Sonora,Cajeme,26018,Solidaridad,260180811,1
Sonora,Cajeme,26018,Veracruz (El Chorizo),260181193,1
Sonora,Cajeme,26018,Vicente Guerrero (El Portón),260180356,1
Sonora,Empalme,26025,Antonio Rosales,260250006,1
Sonora,Empalme,26025,Cochórit,260250082,2
Sonora,Empalme,26025,Cruz de Piedra,260250013,1
Sonora,Empalme,26025,Empalme,260250001,1684
Sonora,Empalme,26025,Empalme el Águila (El Ranchito),260250154,1
Sonora,Empalme,26025,José María Morelos y Pavón (La Atravezada),260250034,13
Sonora,Empalme,26025,La Palma,260250037,2
Sonora,Empalme,26025,Maytorena,260250031,2
Sonora,Empalme,26025,Mi Patria es Primero,260250033,1
Sonora,Empalme,26025,San Fernando de Guaymas,260250140,20
Sonora,Empalme,26025,Santa María de Guaymas,260250060,2
Sonora,Etchojoa,26026,Bacame Nuevo,260260008,113
Sonora,Etchojoa,26026,Bacobampo,260260011,544
Sonora,Etchojoa,26026,Basconcobe,260260012,124
Sonora,Etchojoa,26026,Buaysiacobe,260260019,125
Sonora,Etchojoa,26026,Campanichaca,260260020,2
Sonora,Etchojoa,26026,Chucarit,260260035,1
Sonora,Etchojoa,26026,El Salitral,260260108,1
Sonora,Etchojoa,26026,El Tanque (El Tanque Colorado),260260740,1
Sonora,Etchojoa,26026,Etchojoa,260260001,435
Sonora,Etchojoa,26026,La Bocana,260260017,2
Sonora,Etchojoa,26026,Las Mayas (Colonia Agrícola Basconcobe),260260051,1
Sonora,Etchojoa,26026,Las Playitas,260260061,5
Sonora,Etchojoa,26026,Sahuaral,260260067,73
Sonora,Etchojoa,26026,San Pedro Nuevo,260260069,2
Sonora,Guaymas,26029,Adolfo de la Huerta,260290002,1
Sonora,Guaymas,26029,Buenos Aires (Los Nápoles),260290621,3
Sonora,Guaymas,26029,Costa del Mar,260291364,2
Sonora,Guaymas,26029,El Cachoral,260291132,5
Sonora,Guaymas,26029,El Palmar,260290837,1
Sonora,Guaymas,26029,El Renacimiento,260290631,4
Sonora,Guaymas,26029,Francisco Márquez,260290101,3
Sonora,Guaymas,26029,Heroica Guaymas,260290001,5055
Sonora,Guaymas,26029,La Manga (Campo Pesquero la Manga),260291298,17
Sonora,Guaymas,26029,La Manga Dos,260291393,1
Sonora,Guaymas,26029,La Misa,260290161,2
Sonora,Guaymas,26029,Los Arrieros [Gasolinera],260290948,1
Sonora,Guaymas,26029,Marina Real,260291299,6
Sonora,Guaymas,26029,Ortíz,260290173,5
Sonora,Guaymas,26029,Profesor Graciano Sánchez,260290338,1
Sonora,Guaymas,26029,Pótam,260290202,196
Sonora,Guaymas,26029,San Carlos (San Carlos Nuevo Guaymas),260290025,296
Sonora,Guaymas,26029,San Germán,260290453,4
Sonora,Guaymas,26029,San José de Guaymas,260290254,2
Sonora,Guaymas,26029,Santa Clara,260290271,3
Sonora,Guaymas,26029,Triunfo Santa Rosa,260290314,1
Sonora,Guaymas,26029,Villa Bemela,260291637,1
Sonora,Guaymas,26029,Vícam (Switch),260290325,395
Sonora,Hermosillo,26030,Alejandría Uno,260301355,3
Sonora,Hermosillo,26030,Bahía de Kino,260300137,359
Sonora,Hermosillo,26030,Barlovento,260300141,1
Sonora,Hermosillo,26030,Campestre Ejido la Yesca,260303004,1
Sonora,Hermosillo,26030,Covadonga,260300216,2
Sonora,Hermosillo,26030,Crucero (Cuatro y Veintiséis),260301344,2
Sonora,Hermosillo,26030,El Alamito Buenavista (El Tronconal),260301406,2
Sonora,Hermosillo,26030,El Choyudo (Los Japoneses),260301214,27
Sonora,Hermosillo,26030,El Colorado,260300208,7
Sonora,Hermosillo,26030,El Crucero (Cero Norte),260301862,2
Sonora,Hermosillo,26030,El Mezquital del Oro (El Águila),260303081,2
Sonora,Hermosillo,26030,El Real del Catorce,260303730,1
Sonora,Hermosillo,26030,El Realito,260300932,1
Sonora,Hermosillo,26030,El Tazajal,260300630,5
Sonora,Hermosillo,26030,Estero Santa Cruz,260301889,2
Sonora,Hermosillo,26030,Fraccionamiento Chula Vista,260300767,1
Sonora,Hermosillo,26030,Granja Pecuaria #7,260304084,1
Sonora,Hermosillo,26030,Hermosillo,260300001,35714
Sonora,Hermosillo,26030,Hermosillo,260300289,2
Sonora,Hermosillo,26030,La Cuesta [Viñedo],260302832,1
Sonora,Hermosillo,26030,La Habana Tres,260303095,1
Sonora,Hermosillo,26030,La Navidad,260303854,4
Sonora,Hermosillo,26030,La Ventanita,260303657,2
Sonora,Hermosillo,26030,La Victoria,260300669,8
Sonora,Hermosillo,26030,Las Conchas (Tortillería),260301221,1
Sonora,Hermosillo,26030,Los Alamitos,260300116,1
Sonora,Hermosillo,26030,Mesa del Seri,260300339,3
Sonora,Hermosillo,26030,Miguel Alemán (La Doce),260300343,1273
Sonora,Hermosillo,26030,Molino de Camou (San Isidro),260300756,1
Sonora,Hermosillo,26030,Punta Chueca,260300136,17
Sonora,Hermosillo,26030,San Pedro o el Saucito (San Pedro el Saucito),260300535,245
Sonora,Hermosillo,26030,Santa Inés Dos (Los Pinitos),260300397,3
Sonora,Hermosillo,26030,Santa Inés Dos (Pozo Nuevo),260302000,1
Sonora,Hermosillo,26030,Santa Rita,260303536,1
Sonora,Hermosillo,26030,Siete Cerros,260300328,2
Sonora,Hermosillo,26030,Topahue,260300645,1
Sonora,Hermosillo,26030,Zamora,260300681,2
Sonora,Huatabampo,26033,10 de Abril,260330107,24
Sonora,Huatabampo,26033,24 de Febrero,260330095,1
Sonora,Huatabampo,26033,Agiabampo Número Dos (El Campito),260330180,11
Sonora,Huatabampo,26033,Agiabampo Uno,260330002,58
Sonora,Huatabampo,26033,Bachantahui,260330011,4
Sonora,Huatabampo,26033,Bachimojaqui,260330013,5
Sonora,Huatabampo,26033,Camahuiroa,260330020,9
Sonora,Huatabampo,26033,Chapultepec,260330255,9
Sonora,Huatabampo,26033,Chichibojoro (Coteco),260330355,4
Sonora,Huatabampo,26033,El Riíto,260330210,1
Sonora,Huatabampo,26033,Emiliano Zapata Uno,260330183,1
Sonora,Huatabampo,26033,Estación Don,260330033,3
Sonora,Huatabampo,26033,Estación Fitopecuaria,260330357,2
Sonora,Huatabampo,26033,Francisco Sarabia,260330040,2
Sonora,Huatabampo,26033,Huatabampo,260330001,2093
Sonora,Huatabampo,26033,Júpare,260330052,2
Sonora,Huatabampo,26033,La Cochera,260330387,1
Sonora,Huatabampo,26033,La Curva de la Sávila,260330444,1
Sonora,Huatabampo,26033,La Unión,260330094,155
Sonora,Huatabampo,26033,Las Bocas,260330017,54
Sonora,Huatabampo,26033,Las Ánimas,260330004,3
Sonora,Huatabampo,26033,Loma de Etchoropo,260330054,50
Sonora,Huatabampo,26033,Los Angelitos Reubicación,260330435,1
Sonora,Huatabampo,26033,Los Toltecas,260330108,2
Sonora,Huatabampo,26033,Mochibampo,260330230,17
Sonora,Huatabampo,26033,Moroncárit,260330067,49
Sonora,Huatabampo,26033,Playa Camahuiroa,260330221,1
Sonora,Huatabampo,26033,Playa Huatabampito,260330201,5
Sonora,Huatabampo,26033,Pozo Dulce,260330076,2
Sonora,Huatabampo,26033,Sahuaral de Otero (Sahuaral de Abajo),260330083,1
Sonora,Huatabampo,26033,San Antonio,260330235,11
Sonora,Huatabampo,26033,Sirebampo,260330085,44
Sonora,Huatabampo,26033,Tierra y Libertad,260330091,7
Sonora,Huatabampo,26033,Venustiano Carranza,260330096,1
Sonora,Huatabampo,26033,Yavaros (Isla las Viejas),260330099,145
Sonora,Pitiquito,26047,Pitiquito,260470001,183
Sonora,Pitiquito,26047,Puerto Libertad,260470065,186
Sonora,Puerto Peñasco,26048,Bahía la Choya,260480004,12
Sonora,Puerto Peñasco,26048,Las Conchas,260480090,4
Sonora,Puerto Peñasco,26048,Las Lágrimas,260480158,1
Sonora,Puerto Peñasco,26048,Puerto Peñasco,260480001,3730
Sonora,San Ignacio Río Muerto,26072,Bahía de Lobos,260720017,111
Sonora,San Ignacio Río Muerto,26072,El Bateve,260720159,2
Sonora,San Ignacio Río Muerto,26072,San Francisco Río Muerto (Las Cachoras),260720166,1
Sonora,San Ignacio Río Muerto,26072,San Ignacio Río Muerto,260720001,412
Sonora,San Luis Río Colorado,26055,El Barrote,260550364,1
Sonora,San Luis Río Colorado,26055,El Fronterizo,260550039,1
Sonora,San Luis Río Colorado,26055,El Profesor,260550633,1
Sonora,San Luis Río Colorado,26055,El Welton,260550311,1
Sonora,San Luis Río Colorado,26055,Golfo de Santa Clara,260550011,300
Sonora,San Luis Río Colorado,26055,Ingeniero Luis B. Sánchez,260550017,251
Sonora,San Luis Río Colorado,26055,Islita,260550014,2
Sonora,San Luis Río Colorado,26055,Lagunitas,260550016,2
Sonora,San Luis Río Colorado,26055,Pozas de Arvizu (La Reserva),260550024,2
Sonora,San Luis Río Colorado,26055,San Luis Río Colorado,260550001,8041
Yucatán,Celestún,31011,Celestún,310110001,606
Yucatán,Dzemul,31026,Dzemul,310260001,190
Yucatán,Dzemul,31026,San Benito,310260035,1
Yucatán,Dzemul,31026,San Bruno,310260004,1
Yucatán,Dzidzantún,31027,Dzidzantún,310270001,544
Yucatán,Dzidzantún,31027,San Francisco Manzanilla,310270002,1
Yucatán,Dzidzantún,31027,Santa Clara,310270004,2
Yucatán,Dzilam González,31029,Dzilam González,310290001,374
Yucatán,Dzilam de Bravo,31028,Dzilam de Bravo,310280001,235
Yucatán,Halachó,31033,Cepeda,310330002,404
Yucatán,Halachó,31033,Halachó,310330001,870
Yucatán,Hunucmá,31038,Hunucmá,310380001,1630
Yucatán,Hunucmá,31038,San Antonio Chel,310380003,1
Yucatán,Hunucmá,31038,Sisal,310380004,10
Yucatán,Hunucmá,31038,Texán de Palomeque,310380005,107
Yucatán,Ixil,31039,Ixil,310390001,276
Yucatán,Maxcanú,31048,Maxcanú,310480001,866
Yucatán,Maxcanú,31048,Santa Rosa (Santa Rosa de Lima),310480020,1
Yucatán,Motul,31052,Kopté,310520008,1
Yucatán,Motul,31052,Motul de Carrillo Puerto,310520001,1903
Yucatán,Progreso,31059,Campestre Flamboyanes,310590026,170
Yucatán,Progreso,31059,Chelem,310590003,258
Yucatán,Progreso,31059,Chicxulub (Chicxulub Puerto),310590004,275
Yucatán,Progreso,31059,Chuburná,310590005,138
Yucatán,Progreso,31059,El Paraíso,310590078,5
Yucatán,Progreso,31059,Progreso,310590001,2584
Yucatán,Progreso,31059,San Ignacio,310590009,1
Yucatán,Río Lagartos,31061,Las Coloradas,310610002,2
Yucatán,Río Lagartos,31061,Río Lagartos,310610001,175
Yucatán,San Felipe,31065,San Felipe,310650001,118
Yucatán,Sinanché,31068,San Crisanto,310680003,2
Yucatán,Sinanché,31068,Sinanché,310680001,129
Yucatán,Telchac Puerto,31083,Telchac Puerto,310830001,203
Yucatán,Tizimín,31096,Colonia Yucatán,310960008,3
Yucatán,Tizimín,31096,El Cuyo,310960009,6
Yucatán,Tizimín,31096,Popolnáh,310960034,345
Yucatán,Tizimín,31096,Tixcancal,310960071,1
Yucatán,Tizimín,31096,Tizimín,310960001,3606
Yucatán,Yobaín,31106,Chabihau,311060002,1
Yucatán,Yobaín,31106,Yobaín,311060001,87
