CVE_MUN,CVE_LOC,COM_ID,nombre_act,tot_denue
02001,020010001,2_1_1,Camaronicultura,3
02001,020010001,2_1_1,Pesca de camarón,2
02001,020010001,2_1_1,Pesca de sardina y anchoveta,9
02001,020010001,2_1_1,Pesca de túnidos,2
02001,020010001,2_1_1,"Pesca y captura de peces, crustáceos, moluscos y otras especies",99
02001,020010001,2_1_1,"Piscicultura y otra acuicultura, excepto camaronicultura",15
02001,020010095,2_1_95,"Pesca y captura de peces, crustáceos, moluscos y otras especies",1
02001,020010095,2_1_95,"Piscicultura y otra acuicultura, excepto camaronicultura",1
02001,020010118,2_1_118,"Pesca y captura de peces, crustáceos, moluscos y otras especies",1
02001,020010124,2_1_124,"Pesca y captura de peces, crustáceos, moluscos y otras especies",4
02001,020010139,2_1_139,"Pesca y captura de peces, crustáceos, moluscos y otras especies",3
02001,020010139,2_1_139,"Piscicultura y otra acuicultura, excepto camaronicultura",1
02001,020010184,2_1_184,"Pesca y captura de peces, crustáceos, moluscos y otras especies",1
02001,020010186,2_1_186,"Pesca y captura de peces, crustáceos, moluscos y otras especies",1
02001,020010243,2_1_243,"Pesca y captura de peces, crustáceos, moluscos y otras especies",1
02001,020010247,2_1_247,Pesca de sardina y anchoveta,7
02001,020010247,2_1_247,Pesca de túnidos,1
02001,020010247,2_1_247,"Pesca y captura de peces, crustáceos, moluscos y otras especies",12
02001,020010247,2_1_247,"Piscicultura y otra acuicultura, excepto camaronicultura",10
02001,020010736,2_1_736,"Pesca y captura de peces, crustáceos, moluscos y otras especies",1
02001,020010942,2_1_942,"Piscicultura y otra acuicultura, excepto camaronicultura",1
02001,020011025,2_1_1025,"Pesca y captura de peces, crustáceos, moluscos y otras especies",1
02001,020012157,2_1_2157,"Pesca y captura de peces, crustáceos, moluscos y otras especies",1
02001,020013122,2_1_3122,"Pesca y captura de peces, crustáceos, moluscos y otras especies",1
02001,020013368,2_1_3368,"Pesca y captura de peces, crustáceos, moluscos y otras especies",1
02002,020020001,2_2_1,Camaronicultura,1
02002,020020001,2_2_1,Pesca de camarón,1
02002,020020001,2_2_1,"Pesca y captura de peces, crustáceos, moluscos y otras especies",1
02002,020020106,2_2_106,Camaronicultura,1
02002,020020237,2_2_237,"Pesca y captura de peces, crustáceos, moluscos y otras especies",1
02002,020020243,2_2_243,Camaronicultura,1
02002,020020394,2_2_394,"Pesca y captura de peces, crustáceos, moluscos y otras especies",1
02002,020020402,2_2_402,"Pesca y captura de peces, crustáceos, moluscos y otras especies",1
02002,020020411,2_2_411,Camaronicultura,1
02002,020020411,2_2_411,"Pesca y captura de peces, crustáceos, moluscos y otras especies",1
02002,020020411,2_2_411,"Piscicultura y otra acuicultura, excepto camaronicultura",1
02002,020021195,2_2_1195,"Pesca y captura de peces, crustáceos, moluscos y otras especies",1
02004,020040001,2_4_1,"Pesca y captura de peces, crustáceos, moluscos y otras especies",2
02004,020040001,2_4_1,"Piscicultura y otra acuicultura, excepto camaronicultura",1
02005,020050001,2_5_1,"Pesca y captura de peces, crustáceos, moluscos y otras especies",1
02005,020050086,2_5_86,"Pesca y captura de peces, crustáceos, moluscos y otras especies",1
02005,020050090,2_5_90,"Pesca y captura de peces, crustáceos, moluscos y otras especies",2
02005,020050305,2_5_305,"Pesca y captura de peces, crustáceos, moluscos y otras especies",4
02006,020060001,2_6_1,"Pesca y captura de peces, crustáceos, moluscos y otras especies",11
02006,020060001,2_6_1,"Piscicultura y otra acuicultura, excepto camaronicultura",3
02006,020060003,2_6_3,"Pesca y captura de peces, crustáceos, moluscos y otras especies",1
02006,020060022,2_6_22,"Pesca y captura de peces, crustáceos, moluscos y otras especies",15
02006,020060040,2_6_40,"Pesca y captura de peces, crustáceos, moluscos y otras especies",1
02006,020060085,2_6_85,"Pesca y captura de peces, crustáceos, moluscos y otras especies",1
02006,020060085,2_6_85,"Piscicultura y otra acuicultura, excepto camaronicultura",1
02006,020060115,2_6_115,"Pesca y captura de peces, crustáceos, moluscos y otras especies",4
02006,020060117,2_6_117,"Pesca y captura de peces, crustáceos, moluscos y otras especies",1
02006,020060118,2_6_118,"Pesca y captura de peces, crustáceos, moluscos y otras especies",9
02006,020060121,2_6_121,"Pesca y captura de peces, crustáceos, moluscos y otras especies",4
02006,020060124,2_6_124,"Pesca y captura de peces, crustáceos, moluscos y otras especies",2
02006,020060126,2_6_126,"Pesca y captura de peces, crustáceos, moluscos y otras especies",5
02006,020060127,2_6_127,"Pesca y captura de peces, crustáceos, moluscos y otras especies",4
02006,020060127,2_6_127,"Piscicultura y otra acuicultura, excepto camaronicultura",1
02006,020060199,2_6_199,"Piscicultura y otra acuicultura, excepto camaronicultura",1
02006,020060225,2_6_225,"Pesca y captura de peces, crustáceos, moluscos y otras especies",4
02006,020060248,2_6_248,"Pesca y captura de peces, crustáceos, moluscos y otras especies",1
02006,020060585,2_6_585,"Pesca y captura de peces, crustáceos, moluscos y otras especies",1
02006,020060585,2_6_585,"Piscicultura y otra acuicultura, excepto camaronicultura",2
02006,020060683,2_6_683,"Pesca y captura de peces, crustáceos, moluscos y otras especies",1
02006,020060837,2_6_837,"Pesca y captura de peces, crustáceos, moluscos y otras especies",3
02006,020060861,2_6_861,"Pesca y captura de peces, crustáceos, moluscos y otras especies",6
02006,020060863,2_6_863,"Pesca y captura de peces, crustáceos, moluscos y otras especies",2
03001,030010001,3_1_1,Pesca de camarón,2
03001,030010001,3_1_1,"Pesca y captura de peces, crustáceos, moluscos y otras especies",23
03001,030010003,3_1_3,"Pesca y captura de peces, crustáceos, moluscos y otras especies",41
03001,030010003,3_1_3,"Piscicultura y otra acuicultura, excepto camaronicultura",1
03001,030010027,3_1_27,Pesca de camarón,2
03001,030010049,3_1_49,"Pesca y captura de peces, crustáceos, moluscos y otras especies",1
03001,030010112,3_1_112,"Pesca y captura de peces, crustáceos, moluscos y otras especies",2
03001,030010133,3_1_133,"Pesca y captura de peces, crustáceos, moluscos y otras especies",6
03001,030010162,3_1_162,"Pesca y captura de peces, crustáceos, moluscos y otras especies",1
03001,030010162,3_1_162,"Piscicultura y otra acuicultura, excepto camaronicultura",1
03001,030010224,3_1_224,"Pesca y captura de peces, crustáceos, moluscos y otras especies",2
03001,030010241,3_1_241,"Pesca y captura de peces, crustáceos, moluscos y otras especies",1
03001,030010244,3_1_244,"Pesca y captura de peces, crustáceos, moluscos y otras especies",1
03001,030010280,3_1_280,Pesca de camarón,30
03001,030010280,3_1_280,Pesca de sardina y anchoveta,1
03001,030010280,3_1_280,Pesca de túnidos,1
03001,030010280,3_1_280,"Pesca y captura de peces, crustáceos, moluscos y otras especies",112
03001,030010335,3_1_335,"Pesca y captura de peces, crustáceos, moluscos y otras especies",5
03001,030010390,3_1_390,"Pesca y captura de peces, crustáceos, moluscos y otras especies",1
03001,030010662,3_1_662,"Pesca y captura de peces, crustáceos, moluscos y otras especies",1
03001,030011964,3_1_1964,Pesca de camarón,3
03001,030011964,3_1_1964,"Pesca y captura de peces, crustáceos, moluscos y otras especies",1
03001,030012086,3_1_2086,"Pesca y captura de peces, crustáceos, moluscos y otras especies",2
03001,030012476,3_1_2476,"Pesca y captura de peces, crustáceos, moluscos y otras especies",3
03001,030012821,3_1_2821,"Piscicultura y otra acuicultura, excepto camaronicultura",2
03002,030020001,3_2_1,"Pesca y captura de peces, crustáceos, moluscos y otras especies",67
03002,030020001,3_2_1,"Piscicultura y otra acuicultura, excepto camaronicultura",1
03002,030020014,3_2_14,"Pesca y captura de peces, crustáceos, moluscos y otras especies",3
03002,030020015,3_2_15,"Pesca y captura de peces, crustáceos, moluscos y otras especies",6
03002,030020015,3_2_15,"Piscicultura y otra acuicultura, excepto camaronicultura",1
03002,030020049,3_2_49,"Pesca y captura de peces, crustáceos, moluscos y otras especies",7
03002,030020056,3_2_56,"Pesca y captura de peces, crustáceos, moluscos y otras especies",1
03002,030020066,3_2_66,"Pesca y captura de peces, crustáceos, moluscos y otras especies",29
03002,030020066,3_2_66,"Piscicultura y otra acuicultura, excepto camaronicultura",2
03002,030020097,3_2_97,"Pesca y captura de peces, crustáceos, moluscos y otras especies",28
03002,030020097,3_2_97,"Piscicultura y otra acuicultura, excepto camaronicultura",1
03002,030020140,3_2_140,"Pesca y captura de peces, crustáceos, moluscos y otras especies",8
03002,030020149,3_2_149,"Pesca y captura de peces, crustáceos, moluscos y otras especies",1
03002,030020165,3_2_165,"Pesca y captura de peces, crustáceos, moluscos y otras especies",6
03002,030020456,3_2_456,"Pesca y captura de peces, crustáceos, moluscos y otras especies",1
03002,030020967,3_2_967,"Pesca y captura de peces, crustáceos, moluscos y otras especies",4
03002,030020967,3_2_967,"Piscicultura y otra acuicultura, excepto camaronicultura",2
03002,030021374,3_2_1374,"Pesca y captura de peces, crustáceos, moluscos y otras especies",1
03003,030030001,3_3_1,Camaronicultura,4
03003,030030001,3_3_1,"Pesca y captura de peces, crustáceos, moluscos y otras especies",60
03003,030030001,3_3_1,"Piscicultura y otra acuicultura, excepto camaronicultura",8
03003,030030003,3_3_3,"Pesca y captura de peces, crustáceos, moluscos y otras especies",2
03003,030030060,3_3_60,"Pesca y captura de peces, crustáceos, moluscos y otras especies",2
03003,030030092,3_3_92,"Pesca y captura de peces, crustáceos, moluscos y otras especies",2
03003,030030121,3_3_121,"Pesca y captura de peces, crustáceos, moluscos y otras especies",2
03003,030030224,3_3_224,Pesca de camarón,1
03003,030030224,3_3_224,"Pesca y captura de peces, crustáceos, moluscos y otras especies",8
03003,030030336,3_3_336,"Pesca y captura de peces, crustáceos, moluscos y otras especies",15
03003,030030392,3_3_392,Pesca de sardina y anchoveta,2
03003,030030392,3_3_392,"Pesca y captura de peces, crustáceos, moluscos y otras especies",2
03003,030030402,3_3_402,"Pesca y captura de peces, crustáceos, moluscos y otras especies",2
03003,030030778,3_3_778,"Pesca y captura de peces, crustáceos, moluscos y otras especies",10
03003,030030849,3_3_849,"Pesca y captura de peces, crustáceos, moluscos y otras especies",2
03003,030030920,3_3_920,"Pesca y captura de peces, crustáceos, moluscos y otras especies",3
03003,030030963,3_3_963,"Pesca y captura de peces, crustáceos, moluscos y otras especies",1
03003,030030985,3_3_985,"Pesca y captura de peces, crustáceos, moluscos y otras especies",3
03003,030031227,3_3_1227,"Pesca y captura de peces, crustáceos, moluscos y otras especies",3
03003,030031394,3_3_1394,"Pesca y captura de peces, crustáceos, moluscos y otras especies",1
03003,030031394,3_3_1394,"Piscicultura y otra acuicultura, excepto camaronicultura",1
03003,030031424,3_3_1424,"Pesca y captura de peces, crustáceos, moluscos y otras especies",1
03003,030031558,3_3_1558,"Pesca y captura de peces, crustáceos, moluscos y otras especies",1
03003,030031630,3_3_1630,"Pesca y captura de peces, crustáceos, moluscos y otras especies",6
03003,030031675,3_3_1675,"Pesca y captura de peces, crustáceos, moluscos y otras especies",3
03003,030031681,3_3_1681,"Pesca y captura de peces, crustáceos, moluscos y otras especies",3
03003,030032007,3_3_2007,"Piscicultura y otra acuicultura, excepto camaronicultura",1
03003,030032233,3_3_2233,"Pesca y captura de peces, crustáceos, moluscos y otras especies",2
03008,030080001,3_8_1,Pesca de sardina y anchoveta,2
03008,030080001,3_8_1,"Pesca y captura de peces, crustáceos, moluscos y otras especies",6
03008,030080054,3_8_54,Pesca de sardina y anchoveta,2
03008,030080054,3_8_54,"Pesca y captura de peces, crustáceos, moluscos y otras especies",3
03008,030080177,3_8_177,"Pesca y captura de peces, crustáceos, moluscos y otras especies",1
03008,030080217,3_8_217,"Pesca y captura de peces, crustáceos, moluscos y otras especies",2
03009,030090001,3_9_1,Pesca de sardina y anchoveta,1
03009,030090001,3_9_1,"Pesca y captura de peces, crustáceos, moluscos y otras especies",20
03009,030090071,3_9_71,"Pesca y captura de peces, crustáceos, moluscos y otras especies",4
03009,030090156,3_9_156,"Pesca y captura de peces, crustáceos, moluscos y otras especies",3
03009,030090161,3_9_161,"Pesca y captura de peces, crustáceos, moluscos y otras especies",4
03009,030090197,3_9_197,"Pesca y captura de peces, crustáceos, moluscos y otras especies",2
03009,030090222,3_9_222,"Pesca y captura de peces, crustáceos, moluscos y otras especies",3
03009,030090235,3_9_235,"Pesca y captura de peces, crustáceos, moluscos y otras especies",2
03009,030090358,3_9_358,"Pesca y captura de peces, crustáceos, moluscos y otras especies",1
04001,040010002,4_1_2,"Pesca y captura de peces, crustáceos, moluscos y otras especies",103
04001,040010014,4_1_14,"Pesca y captura de peces, crustáceos, moluscos y otras especies",7
04001,040010015,4_1_15,"Piscicultura y otra acuicultura, excepto camaronicultura",2
04002,040020001,4_2_1,Pesca de camarón,14
04002,040020001,4_2_1,"Pesca y captura de peces, crustáceos, moluscos y otras especies",163
04002,040020001,4_2_1,"Piscicultura y otra acuicultura, excepto camaronicultura",3
04002,040020075,4_2_75,"Piscicultura y otra acuicultura, excepto camaronicultura",1
04002,040020087,4_2_87,Pesca de camarón,5
04002,040020087,4_2_87,"Pesca y captura de peces, crustáceos, moluscos y otras especies",35
04002,040020101,4_2_101,"Piscicultura y otra acuicultura, excepto camaronicultura",1
04002,040020105,4_2_105,"Piscicultura y otra acuicultura, excepto camaronicultura",1
04002,040020178,4_2_178,"Piscicultura y otra acuicultura, excepto camaronicultura",1
04003,040030001,4_3_1,Pesca de camarón,24
04003,040030001,4_3_1,"Pesca y captura de peces, crustáceos, moluscos y otras especies",70
04003,040030001,4_3_1,"Piscicultura y otra acuicultura, excepto camaronicultura",6
04003,040030005,4_3_5,Pesca de camarón,1
04003,040030005,4_3_5,"Pesca y captura de peces, crustáceos, moluscos y otras especies",6
04003,040030005,4_3_5,"Piscicultura y otra acuicultura, excepto camaronicultura",16
04003,040030006,4_3_6,"Pesca y captura de peces, crustáceos, moluscos y otras especies",14
04003,040030006,4_3_6,"Piscicultura y otra acuicultura, excepto camaronicultura",4
04003,040030013,4_3_13,"Pesca y captura de peces, crustáceos, moluscos y otras especies",4
04003,040030013,4_3_13,"Piscicultura y otra acuicultura, excepto camaronicultura",3
04003,040030031,4_3_31,"Pesca y captura de peces, crustáceos, moluscos y otras especies",9
04003,040030058,4_3_58,"Piscicultura y otra acuicultura, excepto camaronicultura",3
04003,040030081,4_3_81,"Piscicultura y otra acuicultura, excepto camaronicultura",1
04003,040030101,4_3_101,Pesca de camarón,1
04003,040030101,4_3_101,"Pesca y captura de peces, crustáceos, moluscos y otras especies",8
04003,040030101,4_3_101,"Piscicultura y otra acuicultura, excepto camaronicultura",9
04003,040030118,4_3_118,"Pesca y captura de peces, crustáceos, moluscos y otras especies",10
04003,040030199,4_3_199,"Pesca y captura de peces, crustáceos, moluscos y otras especies",59
04003,040030199,4_3_199,"Piscicultura y otra acuicultura, excepto camaronicultura",2
04003,040030262,4_3_262,"Pesca y captura de peces, crustáceos, moluscos y otras especies",5
04003,040030262,4_3_262,"Piscicultura y otra acuicultura, excepto camaronicultura",3
04003,040030364,4_3_364,"Piscicultura y otra acuicultura, excepto camaronicultura",1
04003,040030612,4_3_612,"Piscicultura y otra acuicultura, excepto camaronicultura",3
04003,040030614,4_3_614,"Pesca y captura de peces, crustáceos, moluscos y otras especies",59
04003,040030614,4_3_614,"Piscicultura y otra acuicultura, excepto camaronicultura",2
04003,040031138,4_3_1138,"Piscicultura y otra acuicultura, excepto camaronicultura",2
04003,040031351,4_3_1351,"Pesca y captura de peces, crustáceos, moluscos y otras especies",9
04003,040031722,4_3_1722,"Pesca y captura de peces, crustáceos, moluscos y otras especies",1
04003,040031843,4_3_1843,"Piscicultura y otra acuicultura, excepto camaronicultura",1
04003,040033217,4_3_3217,"Pesca y captura de peces, crustáceos, moluscos y otras especies",4
04003,040033402,4_3_3402,"Piscicultura y otra acuicultura, excepto camaronicultura",1
04003,040033453,4_3_3453,"Pesca y captura de peces, crustáceos, moluscos y otras especies",9
04004,040040001,4_4_1,"Pesca y captura de peces, crustáceos, moluscos y otras especies",120
04004,040040001,4_4_1,"Piscicultura y otra acuicultura, excepto camaronicultura",1
04004,040040016,4_4_16,"Pesca y captura de peces, crustáceos, moluscos y otras especies",9
04004,040040017,4_4_17,"Pesca y captura de peces, crustáceos, moluscos y otras especies",1
04004,040040052,4_4_52,"Pesca y captura de peces, crustáceos, moluscos y otras especies",1
04004,040040091,4_4_91,"Pesca y captura de peces, crustáceos, moluscos y otras especies",1
04004,040040233,4_4_233,"Pesca y captura de peces, crustáceos, moluscos y otras especies",1
04004,040040239,4_4_239,"Piscicultura y otra acuicultura, excepto camaronicultura",1
04004,040040243,4_4_243,"Piscicultura y otra acuicultura, excepto camaronicultura",1
04004,040040521,4_4_521,Camaronicultura,1
04004,040040521,4_4_521,"Pesca y captura de peces, crustáceos, moluscos y otras especies",1
04007,040070001,4_7_1,"Pesca y captura de peces, crustáceos, moluscos y otras especies",14
04007,040070029,4_7_29,"Pesca y captura de peces, crustáceos, moluscos y otras especies",1
04007,040070108,4_7_108,"Pesca y captura de peces, crustáceos, moluscos y otras especies",1
04007,040070110,4_7_110,"Pesca y captura de peces, crustáceos, moluscos y otras especies",2
04007,040070238,4_7_238,"Pesca y captura de peces, crustáceos, moluscos y otras especies",1
04007,040070320,4_7_320,"Pesca y captura de peces, crustáceos, moluscos y otras especies",15
04007,040070521,4_7_521,"Pesca y captura de peces, crustáceos, moluscos y otras especies",5
04007,040070521,4_7_521,"Piscicultura y otra acuicultura, excepto camaronicultura",1
04007,040070663,4_7_663,"Pesca y captura de peces, crustáceos, moluscos y otras especies",1
04012,040120001,4_12_1,"Pesca y captura de peces, crustáceos, moluscos y otras especies",76
04012,040120016,4_12_16,"Pesca y captura de peces, crustáceos, moluscos y otras especies",2
04012,040120055,4_12_55,"Pesca y captura de peces, crustáceos, moluscos y otras especies",9
14020,140200057,14_20_57,"Pesca y captura de peces, crustáceos, moluscos y otras especies",1
14020,140200062,14_20_62,"Pesca y captura de peces, crustáceos, moluscos y otras especies",1
14020,140200070,14_20_70,"Pesca y captura de peces, crustáceos, moluscos y otras especies",2
14020,140200082,14_20_82,"Pesca y captura de peces, crustáceos, moluscos y otras especies",2
14020,140200088,14_20_88,"Pesca y captura de peces, crustáceos, moluscos y otras especies",1
14022,140220006,14_22_6,"Pesca y captura de peces, crustáceos, moluscos y otras especies",8
14022,140220033,14_22_33,"Pesca y captura de peces, crustáceos, moluscos y otras especies",2
14022,140220033,14_22_33,"Piscicultura y otra acuicultura, excepto camaronicultura",1
14022,140220047,14_22_47,"Pesca y captura de peces, crustáceos, moluscos y otras especies",1
14043,140430001,14_43_1,"Pesca y captura de peces, crustáceos, moluscos y otras especies",1
14043,140430036,14_43_36,"Pesca y captura de peces, crustáceos, moluscos y otras especies",1
14043,140430062,14_43_62,"Pesca y captura de peces, crustáceos, moluscos y otras especies",2
14043,140430092,14_43_92,Camaronicultura,1
14043,140430092,14_43_92,"Pesca y captura de peces, crustáceos, moluscos y otras especies",1
14043,140430094,14_43_94,"Pesca y captura de peces, crustáceos, moluscos y otras especies",1
14043,140430146,14_43_146,Camaronicultura,1
14043,140430146,14_43_146,"Pesca y captura de peces, crustáceos, moluscos y otras especies",3
14067,140670001,14_67_1,"Pesca y captura de peces, crustáceos, moluscos y otras especies",8
14067,140670007,14_67_7,"Pesca y captura de peces, crustáceos, moluscos y otras especies",2
14067,140670009,14_67_9,"Pesca y captura de peces, crustáceos, moluscos y otras especies",1
14067,140670028,14_67_28,"Piscicultura y otra acuicultura, excepto camaronicultura",1
14100,141000001,14_100_1,"Piscicultura y otra acuicultura, excepto camaronicultura",1
14100,141000034,14_100_34,"Pesca y captura de peces, crustáceos, moluscos y otras especies",1
14100,141000065,14_100_65,"Pesca y captura de peces, crustáceos, moluscos y otras especies",1
14100,141000065,14_100_65,"Piscicultura y otra acuicultura, excepto camaronicultura",1
14100,141000159,14_100_159,"Piscicultura y otra acuicultura, excepto camaronicultura",1
14100,141000189,14_100_189,"Pesca y captura de peces, crustáceos, moluscos y otras especies",1
14100,141000189,14_100_189,"Piscicultura y otra acuicultura, excepto camaronicultura",1
14100,141000261,14_100_261,"Pesca y captura de peces, crustáceos, moluscos y otras especies",1
18004,180040001,18_4_1,Camaronicultura,1
18004,180040020,18_4_20,"Pesca y captura de peces, crustáceos, moluscos y otras especies",5
18004,180040065,18_4_65,"Pesca y captura de peces, crustáceos, moluscos y otras especies",4
18004,180040089,18_4_89,"Piscicultura y otra acuicultura, excepto camaronicultura",1
18004,180040128,18_4_128,"Pesca y captura de peces, crustáceos, moluscos y otras especies",24
18004,180040154,18_4_154,"Pesca y captura de peces, crustáceos, moluscos y otras especies",6
18004,180040186,18_4_186,"Pesca y captura de peces, crustáceos, moluscos y otras especies",1
18004,180040191,18_4_191,"Pesca y captura de peces, crustáceos, moluscos y otras especies",1
18004,180040191,18_4_191,"Piscicultura y otra acuicultura, excepto camaronicultura",1
18004,180040322,18_4_322,"Pesca y captura de peces, crustáceos, moluscos y otras especies",2
18012,180120001,18_12_1,Camaronicultura,1
18012,180120001,18_12_1,Pesca de camarón,3
18012,180120001,18_12_1,"Pesca y captura de peces, crustáceos, moluscos y otras especies",102
18012,180120001,18_12_1,"Piscicultura y otra acuicultura, excepto camaronicultura",3
18012,180120003,18_12_3,"Pesca y captura de peces, crustáceos, moluscos y otras especies",3
18012,180120004,18_12_4,"Pesca y captura de peces, crustáceos, moluscos y otras especies",3
18012,180120006,18_12_6,Camaronicultura,2
18012,180120006,18_12_6,"Pesca y captura de peces, crustáceos, moluscos y otras especies",22
18012,180120009,18_12_9,"Pesca y captura de peces, crustáceos, moluscos y otras especies",1
18012,180120013,18_12_13,"Pesca y captura de peces, crustáceos, moluscos y otras especies",1
18012,180120014,18_12_14,Camaronicultura,10
18012,180120014,18_12_14,Pesca de camarón,3
18012,180120014,18_12_14,"Pesca y captura de peces, crustáceos, moluscos y otras especies",9
18012,180120016,18_12_16,Camaronicultura,19
18012,180120016,18_12_16,Pesca de camarón,2
18012,180120016,18_12_16,"Pesca y captura de peces, crustáceos, moluscos y otras especies",4
18012,180120019,18_12_19,Camaronicultura,1
18012,180120019,18_12_19,Pesca de camarón,5
18012,180120019,18_12_19,"Pesca y captura de peces, crustáceos, moluscos y otras especies",15
18012,180120024,18_12_24,Camaronicultura,1
18012,180120026,18_12_26,"Pesca y captura de peces, crustáceos, moluscos y otras especies",3
18012,180120027,18_12_27,Pesca de camarón,1
18012,180120027,18_12_27,"Pesca y captura de peces, crustáceos, moluscos y otras especies",11
18012,180120030,18_12_30,"Pesca y captura de peces, crustáceos, moluscos y otras especies",2
18012,180120043,18_12_43,Pesca de camarón,1
18012,180120043,18_12_43,"Pesca y captura de peces, crustáceos, moluscos y otras especies",1
18012,180120073,18_12_73,Camaronicultura,1
18012,180120073,18_12_73,"Piscicultura y otra acuicultura, excepto camaronicultura",1
18015,180150001,18_15_1,Camaronicultura,1
18015,180150004,18_15_4,"Pesca y captura de peces, crustáceos, moluscos y otras especies",3
18015,180150006,18_15_6,Pesca de camarón,5
18015,180150006,18_15_6,"Pesca y captura de peces, crustáceos, moluscos y otras especies",2
18015,180150007,18_15_7,"Pesca y captura de peces, crustáceos, moluscos y otras especies",2
18015,180150007,18_15_7,"Piscicultura y otra acuicultura, excepto camaronicultura",1
18015,180150009,18_15_9,Pesca de camarón,1
18015,180150021,18_15_21,"Pesca y captura de peces, crustáceos, moluscos y otras especies",2
18015,180150025,18_15_25,Camaronicultura,2
18015,180150025,18_15_25,Pesca de camarón,93
18015,180150025,18_15_25,"Pesca y captura de peces, crustáceos, moluscos y otras especies",30
18015,180150031,18_15_31,Pesca de camarón,27
18015,180150031,18_15_31,"Pesca y captura de peces, crustáceos, moluscos y otras especies",1
18015,180150035,18_15_35,Pesca de camarón,4
18015,180150037,18_15_37,Pesca de camarón,2
18015,180150038,18_15_38,Pesca de camarón,12
18015,180150038,18_15_38,"Pesca y captura de peces, crustáceos, moluscos y otras especies",4
18015,180150044,18_15_44,Pesca de camarón,2
18015,180150057,18_15_57,Pesca de camarón,2
18015,180150059,18_15_59,Pesca de camarón,23
18015,180150059,18_15_59,"Pesca y captura de peces, crustáceos, moluscos y otras especies",8
18015,180150062,18_15_62,Pesca de camarón,8
18015,180150062,18_15_62,"Pesca y captura de peces, crustáceos, moluscos y otras especies",1
18015,180150065,18_15_65,Pesca de camarón,2
18015,180150065,18_15_65,"Pesca y captura de peces, crustáceos, moluscos y otras especies",6
18015,180150066,18_15_66,Pesca de camarón,7
18015,180150069,18_15_69,Pesca de camarón,1
18015,180150074,18_15_74,"Pesca y captura de peces, crustáceos, moluscos y otras especies",3
18015,180150081,18_15_81,Pesca de camarón,1
18015,180150081,18_15_81,"Pesca y captura de peces, crustáceos, moluscos y otras especies",5
18015,180150083,18_15_83,"Pesca y captura de peces, crustáceos, moluscos y otras especies",2
18016,180160001,18_16_1,Pesca de camarón,6
18016,180160001,18_16_1,"Pesca y captura de peces, crustáceos, moluscos y otras especies",3
18016,180160004,18_16_4,Pesca de camarón,7
18016,180160005,18_16_5,Camaronicultura,2
18016,180160005,18_16_5,Pesca de camarón,21
18016,180160005,18_16_5,"Pesca y captura de peces, crustáceos, moluscos y otras especies",2
18016,180160006,18_16_6,Pesca de camarón,2
18016,180160016,18_16_16,"Pesca y captura de peces, crustáceos, moluscos y otras especies",1
18016,180160024,18_16_24,Pesca de camarón,28
18016,180160026,18_16_26,Pesca de camarón,3
18016,180160028,18_16_28,Pesca de camarón,1
18016,180160029,18_16_29,Camaronicultura,1
18016,180160029,18_16_29,Pesca de camarón,14
18016,180160029,18_16_29,"Pesca y captura de peces, crustáceos, moluscos y otras especies",2
18016,180160031,18_16_31,Pesca de camarón,3
18016,180160031,18_16_31,"Pesca y captura de peces, crustáceos, moluscos y otras especies",7
18016,180160032,18_16_32,Pesca de camarón,3
18016,180160038,18_16_38,Pesca de camarón,5
18016,180160038,18_16_38,"Pesca y captura de peces, crustáceos, moluscos y otras especies",4
18016,180160038,18_16_38,"Piscicultura y otra acuicultura, excepto camaronicultura",1
18016,180160039,18_16_39,Pesca de camarón,1
18016,180160041,18_16_41,"Pesca y captura de peces, crustáceos, moluscos y otras especies",1
18016,180160043,18_16_43,Pesca de camarón,1
18016,180160044,18_16_44,Pesca de camarón,9
18016,180160044,18_16_44,"Pesca y captura de peces, crustáceos, moluscos y otras especies",27
18016,180160046,18_16_46,Pesca de camarón,1
18016,180160046,18_16_46,"Pesca y captura de peces, crustáceos, moluscos y otras especies",1
18016,180160047,18_16_47,Pesca de camarón,2
18016,180160047,18_16_47,"Pesca y captura de peces, crustáceos, moluscos y otras especies",1
18016,180160054,18_16_54,Pesca de camarón,2
18016,180160054,18_16_54,"Pesca y captura de peces, crustáceos, moluscos y otras especies",5
18016,180160091,18_16_91,Pesca de camarón,4
18016,180160205,18_16_205,Pesca de camarón,6
18016,180160205,18_16_205,"Pesca y captura de peces, crustáceos, moluscos y otras especies",9
18016,180160300,18_16_300,Pesca de camarón,43
18020,180200013,18_20_13,"Pesca y captura de peces, crustáceos, moluscos y otras especies",5
18020,180200027,18_20_27,Pesca de túnidos,14
18020,180200027,18_20_27,"Pesca y captura de peces, crustáceos, moluscos y otras especies",14
18020,180200041,18_20_41,"Pesca y captura de peces, crustáceos, moluscos y otras especies",1
18020,180200053,18_20_53,"Pesca y captura de peces, crustáceos, moluscos y otras especies",1
18020,180200081,18_20_81,"Pesca y captura de peces, crustáceos, moluscos y otras especies",1
18020,180200106,18_20_106,Pesca de sardina y anchoveta,1
18020,180200106,18_20_106,"Pesca y captura de peces, crustáceos, moluscos y otras especies",6
23001,230010001,23_1_1,"Pesca y captura de peces, crustáceos, moluscos y otras especies",3
23001,230010001,23_1_1,"Piscicultura y otra acuicultura, excepto camaronicultura",1
23002,230020036,23_2_36,"Piscicultura y otra acuicultura, excepto camaronicultura",1
23002,230020108,23_2_108,"Pesca y captura de peces, crustáceos, moluscos y otras especies",3
23002,230020456,23_2_456,"Pesca y captura de peces, crustáceos, moluscos y otras especies",1
23003,230030001,23_3_1,Pesca de camarón,1
23003,230030001,23_3_1,"Pesca y captura de peces, crustáceos, moluscos y otras especies",8
23003,230030435,23_3_435,"Pesca y captura de peces, crustáceos, moluscos y otras especies",1
23004,230040001,23_4_1,"Pesca y captura de peces, crustáceos, moluscos y otras especies",6
23004,230040007,23_4_7,"Pesca y captura de peces, crustáceos, moluscos y otras especies",2
23004,230040008,23_4_8,"Pesca y captura de peces, crustáceos, moluscos y otras especies",3
23004,230040014,23_4_14,Pesca de sardina y anchoveta,1
23004,230040014,23_4_14,"Pesca y captura de peces, crustáceos, moluscos y otras especies",4
23004,230040016,23_4_16,"Pesca y captura de peces, crustáceos, moluscos y otras especies",3
23004,230040020,23_4_20,"Pesca y captura de peces, crustáceos, moluscos y otras especies",4
23004,230040032,23_4_32,"Pesca y captura de peces, crustáceos, moluscos y otras especies",2
23004,230040037,23_4_37,"Pesca y captura de peces, crustáceos, moluscos y otras especies",2
23004,230040039,23_4_39,"Pesca y captura de peces, crustáceos, moluscos y otras especies",2
23004,230040050,23_4_50,"Pesca y captura de peces, crustáceos, moluscos y otras especies",1
23004,230040053,23_4_53,"Pesca y captura de peces, crustáceos, moluscos y otras especies",2
23004,230040067,23_4_67,"Pesca y captura de peces, crustáceos, moluscos y otras especies",3
23004,230040073,23_4_73,"Pesca y captura de peces, crustáceos, moluscos y otras especies",3
23004,230040075,23_4_75,"Pesca y captura de peces, crustáceos, moluscos y otras especies",1
23004,230040077,23_4_77,"Piscicultura y otra acuicultura, excepto camaronicultura",1
23004,230040106,23_4_106,"Pesca y captura de peces, crustáceos, moluscos y otras especies",2
23004,230040110,23_4_110,"Pesca y captura de peces, crustáceos, moluscos y otras especies",2
23004,230040111,23_4_111,"Pesca y captura de peces, crustáceos, moluscos y otras especies",6
23004,230040201,23_4_201,"Piscicultura y otra acuicultura, excepto camaronicultura",2
23004,230040264,23_4_264,"Pesca y captura de peces, crustáceos, moluscos y otras especies",2
23004,230042428,23_4_2428,"Pesca y captura de peces, crustáceos, moluscos y otras especies",2
23005,230050001,23_5_1,Pesca de camarón,1
23005,230050001,23_5_1,"Pesca y captura de peces, crustáceos, moluscos y otras especies",8
23007,230070001,23_7_1,"Piscicultura y otra acuicultura, excepto camaronicultura",1
23007,230070008,23_7_8,"Pesca y captura de peces, crustáceos, moluscos y otras especies",7
23007,230070012,23_7_12,"Pesca y captura de peces, crustáceos, moluscos y otras especies",3
23007,230070023,23_7_23,"Piscicultura y otra acuicultura, excepto camaronicultura",1
23008,230080001,23_8_1,"Pesca y captura de peces, crustáceos, moluscos y otras especies",1
23009,230090001,23_9_1,"Pesca y captura de peces, crustáceos, moluscos y otras especies",2
23009,230090106,23_9_106,"Pesca y captura de peces, crustáceos, moluscos y otras especies",1
23010,230100001,23_10_1,"Pesca y captura de peces, crustáceos, moluscos y otras especies",1
23010,230100022,23_10_22,"Pesca y captura de peces, crustáceos, moluscos y otras especies",2
23010,230100258,23_10_258,"Pesca y captura de peces, crustáceos, moluscos y otras especies",2
23011,230110001,23_11_1,"Pesca y captura de peces, crustáceos, moluscos y otras especies",2
23011,230110193,23_11_193,"Piscicultura y otra acuicultura, excepto camaronicultura",1
25001,250010001,25_1_1,Camaronicultura,48
25001,250010001,25_1_1,Pesca de camarón,6
25001,250010001,25_1_1,"Pesca y captura de peces, crustáceos, moluscos y otras especies",7
25001,250010001,25_1_1,"Piscicultura y otra acuicultura, excepto camaronicultura",3
25001,250010067,25_1_67,Pesca de camarón,8
25001,250010067,25_1_67,"Pesca y captura de peces, crustáceos, moluscos y otras especies",26
25001,250010070,25_1_70,"Pesca y captura de peces, crustáceos, moluscos y otras especies",1
25001,250010081,25_1_81,Pesca de camarón,4
25001,250010119,25_1_119,Camaronicultura,9
25001,250010119,25_1_119,Pesca de camarón,53
25001,250010119,25_1_119,"Pesca y captura de peces, crustáceos, moluscos y otras especies",23
25001,250010128,25_1_128,Camaronicultura,1
25001,250010136,25_1_136,"Pesca y captura de peces, crustáceos, moluscos y otras especies",1
25001,250010148,25_1_148,Camaronicultura,1
25001,250010148,25_1_148,Pesca de camarón,8
25001,250010149,25_1_149,Camaronicultura,1
25001,250010160,25_1_160,Camaronicultura,1
25001,250010160,25_1_160,Pesca de camarón,2
25001,250010160,25_1_160,"Pesca y captura de peces, crustáceos, moluscos y otras especies",1
25001,250010166,25_1_166,Pesca de camarón,11
25001,250010166,25_1_166,"Pesca y captura de peces, crustáceos, moluscos y otras especies",16
25001,250010169,25_1_169,Pesca de camarón,5
25001,250010169,25_1_169,"Pesca y captura de peces, crustáceos, moluscos y otras especies",9
25001,250010228,25_1_228,"Pesca y captura de peces, crustáceos, moluscos y otras especies",1
25001,250010240,25_1_240,Pesca de camarón,44
25001,250010240,25_1_240,"Pesca y captura de peces, crustáceos, moluscos y otras especies",16
25001,250010240,25_1_240,"Piscicultura y otra acuicultura, excepto camaronicultura",1
25001,250010349,25_1_349,Pesca de camarón,7
25001,250010349,25_1_349,"Pesca y captura de peces, crustáceos, moluscos y otras especies",4
25001,250010356,25_1_356,Pesca de camarón,2
25001,250010370,25_1_370,"Pesca y captura de peces, crustáceos, moluscos y otras especies",1
25001,250010407,25_1_407,"Pesca y captura de peces, crustáceos, moluscos y otras especies",1
25001,250010448,25_1_448,Pesca de camarón,2
25001,250010448,25_1_448,"Pesca y captura de peces, crustáceos, moluscos y otras especies",3
25001,250011001,25_1_1001,Pesca de camarón,2
25001,250011001,25_1_1001,"Pesca y captura de peces, crustáceos, moluscos y otras especies",1
25001,250011045,25_1_1045,Pesca de camarón,1
25001,250011045,25_1_1045,"Pesca y captura de peces, crustáceos, moluscos y otras especies",1
25002,250020001,25_2_1,Camaronicultura,3
25002,250020007,25_2_7,Camaronicultura,1
25002,250020012,25_2_12,Camaronicultura,4
25002,250020035,25_2_35,Camaronicultura,3
25002,250020035,25_2_35,Pesca de camarón,47
25002,250020067,25_2_67,Camaronicultura,1
25002,250020084,25_2_84,Camaronicultura,7
25002,250020084,25_2_84,Pesca de camarón,4
25002,250020084,25_2_84,"Pesca y captura de peces, crustáceos, moluscos y otras especies",1
25002,250020093,25_2_93,Camaronicultura,23
25002,250020093,25_2_93,Pesca de camarón,13
25002,250020093,25_2_93,"Pesca y captura de peces, crustáceos, moluscos y otras especies",43
25002,250020093,25_2_93,"Piscicultura y otra acuicultura, excepto camaronicultura",1
25002,250020117,25_2_117,Camaronicultura,1
25006,250060001,25_6_1,Camaronicultura,57
25006,250060001,25_6_1,Pesca de camarón,1
25006,250060133,25_6_133,Camaronicultura,1
25006,250060133,25_6_133,Pesca de camarón,70
25006,250060133,25_6_133,"Pesca y captura de peces, crustáceos, moluscos y otras especies",10
25006,250060304,25_6_304,Camaronicultura,1
25006,250060305,25_6_305,Camaronicultura,5
25006,250060305,25_6_305,Pesca de camarón,4
25006,250060305,25_6_305,"Pesca y captura de peces, crustáceos, moluscos y otras especies",8
25006,250060311,25_6_311,Camaronicultura,8
25006,250060311,25_6_311,Pesca de camarón,11
25006,250060311,25_6_311,"Pesca y captura de peces, crustáceos, moluscos y otras especies",62
25006,250060312,25_6_312,"Pesca y captura de peces, crustáceos, moluscos y otras especies",1
25006,250060318,25_6_318,Camaronicultura,1
25006,250060341,25_6_341,Camaronicultura,31
25006,250060341,25_6_341,Pesca de camarón,1
25006,250060391,25_6_391,Camaronicultura,7
25006,250060420,25_6_420,Camaronicultura,5
25006,250060420,25_6_420,"Pesca y captura de peces, crustáceos, moluscos y otras especies",4
25006,250060544,25_6_544,Pesca de camarón,1
25006,250060544,25_6_544,"Pesca y captura de peces, crustáceos, moluscos y otras especies",9
25006,250060569,25_6_569,Camaronicultura,1
25006,250060627,25_6_627,Camaronicultura,2
25006,250060627,25_6_627,"Pesca y captura de peces, crustáceos, moluscos y otras especies",9
25006,250060627,25_6_627,"Piscicultura y otra acuicultura, excepto camaronicultura",2
25006,250061003,25_6_1003,Camaronicultura,28
25006,250061003,25_6_1003,"Pesca y captura de peces, crustáceos, moluscos y otras especies",1
25006,250061044,25_6_1044,Camaronicultura,2
25006,250061044,25_6_1044,Pesca de camarón,26
25006,250061044,25_6_1044,"Pesca y captura de peces, crustáceos, moluscos y otras especies",4
25006,250061622,25_6_1622,Camaronicultura,1
25006,250061695,25_6_1695,Pesca de camarón,1
25006,250061695,25_6_1695,"Pesca y captura de peces, crustáceos, moluscos y otras especies",1
25006,250061698,25_6_1698,Camaronicultura,1
25006,250062255,25_6_2255,"Pesca y captura de peces, crustáceos, moluscos y otras especies",2
25008,250080004,25_8_4,"Pesca y captura de peces, crustáceos, moluscos y otras especies",1
25008,250080061,25_8_61,"Pesca y captura de peces, crustáceos, moluscos y otras especies",1
25008,250080164,25_8_164,Camaronicultura,1
25008,250080164,25_8_164,"Pesca y captura de peces, crustáceos, moluscos y otras especies",7
25008,250080164,25_8_164,"Piscicultura y otra acuicultura, excepto camaronicultura",1
25008,250080171,25_8_171,"Pesca y captura de peces, crustáceos, moluscos y otras especies",1
25008,250080176,25_8_176,"Pesca y captura de peces, crustáceos, moluscos y otras especies",1
25008,250080180,25_8_180,Camaronicultura,1
25008,250080404,25_8_404,Pesca de camarón,2
25009,250090001,25_9_1,Camaronicultura,2
25009,250090001,25_9_1,Pesca de camarón,7
25009,250090001,25_9_1,"Pesca y captura de peces, crustáceos, moluscos y otras especies",5
25009,250090001,25_9_1,"Piscicultura y otra acuicultura, excepto camaronicultura",1
25009,250090013,25_9_13,Pesca de camarón,85
25009,250090013,25_9_13,"Pesca y captura de peces, crustáceos, moluscos y otras especies",3
25009,250090020,25_9_20,Pesca de camarón,1
25009,250090034,25_9_34,Camaronicultura,2
25009,250090043,25_9_43,Camaronicultura,1
25009,250090043,25_9_43,Pesca de camarón,2
25009,250090044,25_9_44,Pesca de camarón,1
25009,250090060,25_9_60,Camaronicultura,3
25009,250090060,25_9_60,Pesca de camarón,6
25009,250090060,25_9_60,Pesca de túnidos,1
25009,250090060,25_9_60,"Pesca y captura de peces, crustáceos, moluscos y otras especies",32
25009,250090060,25_9_60,"Piscicultura y otra acuicultura, excepto camaronicultura",1
25009,250090062,25_9_62,Pesca de camarón,4
25009,250090062,25_9_62,"Pesca y captura de peces, crustáceos, moluscos y otras especies",3
25009,250090213,25_9_213,Pesca de camarón,12
25010,250100001,25_10_1,"Pesca y captura de peces, crustáceos, moluscos y otras especies",6
25010,250100004,25_10_4,"Pesca y captura de peces, crustáceos, moluscos y otras especies",2
25010,250100016,25_10_16,"Pesca y captura de peces, crustáceos, moluscos y otras especies",5
25010,250100026,25_10_26,"Pesca y captura de peces, crustáceos, moluscos y otras especies",2
25010,250100036,25_10_36,"Pesca y captura de peces, crustáceos, moluscos y otras especies",1
25010,250100077,25_10_77,"Pesca y captura de peces, crustáceos, moluscos y otras especies",1
25010,250100122,25_10_122,"Pesca y captura de peces, crustáceos, moluscos y otras especies",5
25010,250100212,25_10_212,"Pesca y captura de peces, crustáceos, moluscos y otras especies",1
25010,250100237,25_10_237,"Pesca y captura de peces, crustáceos, moluscos y otras especies",1
25010,250100420,25_10_420,"Pesca y captura de peces, crustáceos, moluscos y otras especies",1
25010,250100547,25_10_547,"Pesca y captura de peces, crustáceos, moluscos y otras especies",4
25010,250100620,25_10_620,"Pesca y captura de peces, crustáceos, moluscos y otras especies",1
25011,250110001,25_11_1,Camaronicultura,15
25011,250110001,25_11_1,Pesca de camarón,8
25011,250110001,25_11_1,"Pesca y captura de peces, crustáceos, moluscos y otras especies",4
25011,250110001,25_11_1,"Piscicultura y otra acuicultura, excepto camaronicultura",1
25011,250110035,25_11_35,Camaronicultura,1
25011,250110059,25_11_59,Camaronicultura,14
25011,250110065,25_11_65,Pesca de camarón,107
25011,250110065,25_11_65,"Pesca y captura de peces, crustáceos, moluscos y otras especies",31
25011,250110085,25_11_85,Camaronicultura,2
25011,250110114,25_11_114,Camaronicultura,1
25011,250110124,25_11_124,"Pesca y captura de peces, crustáceos, moluscos y otras especies",1
25011,250110138,25_11_138,"Pesca y captura de peces, crustáceos, moluscos y otras especies",1
25011,250110148,25_11_148,Camaronicultura,1
25011,250110148,25_11_148,Pesca de camarón,62
25011,250110148,25_11_148,"Pesca y captura de peces, crustáceos, moluscos y otras especies",7
25011,250110188,25_11_188,Pesca de camarón,2
25011,250110228,25_11_228,Camaronicultura,1
25011,250110239,25_11_239,Camaronicultura,1
25011,250110269,25_11_269,Camaronicultura,1
25011,250110280,25_11_280,Camaronicultura,3
25011,250110280,25_11_280,Pesca de camarón,2
25011,250110381,25_11_381,Camaronicultura,1
25011,250110381,25_11_381,Pesca de camarón,1
25011,250110382,25_11_382,Camaronicultura,2
25011,250110386,25_11_386,Pesca de camarón,5
25011,250110386,25_11_386,"Pesca y captura de peces, crustáceos, moluscos y otras especies",2
25011,250110695,25_11_695,Camaronicultura,1
25011,250110695,25_11_695,Pesca de camarón,4
25011,250110695,25_11_695,"Pesca y captura de peces, crustáceos, moluscos y otras especies",2
25011,250110707,25_11_707,Pesca de camarón,12
25011,250110707,25_11_707,"Pesca y captura de peces, crustáceos, moluscos y otras especies",2
25011,250110720,25_11_720,"Piscicultura y otra acuicultura, excepto camaronicultura",1
25011,250110723,25_11_723,Camaronicultura,1
25011,250110751,25_11_751,Camaronicultura,5
25011,250110780,25_11_780,Camaronicultura,1
25012,250120001,25_12_1,Camaronicultura,25
25012,250120001,25_12_1,Pesca de camarón,90
25012,250120001,25_12_1,Pesca de sardina y anchoveta,2
25012,250120001,25_12_1,Pesca de túnidos,5
25012,250120001,25_12_1,"Pesca y captura de peces, crustáceos, moluscos y otras especies",233
25012,250120001,25_12_1,"Piscicultura y otra acuicultura, excepto camaronicultura",3
25012,250120134,25_12_134,Camaronicultura,1
25012,250120134,25_12_134,"Pesca y captura de peces, crustáceos, moluscos y otras especies",1
25012,250120278,25_12_278,"Pesca y captura de peces, crustáceos, moluscos y otras especies",1
25012,250120294,25_12_294,"Pesca y captura de peces, crustáceos, moluscos y otras especies",1
25012,250120348,25_12_348,Pesca de camarón,5
25012,250120370,25_12_370,"Pesca y captura de peces, crustáceos, moluscos y otras especies",2
25012,250120761,25_12_761,Pesca de camarón,2
25012,250120786,25_12_786,"Pesca y captura de peces, crustáceos, moluscos y otras especies",1
25012,250120786,25_12_786,"Piscicultura y otra acuicultura, excepto camaronicultura",1
25012,250121377,25_12_1377,"Pesca y captura de peces, crustáceos, moluscos y otras especies",1
25014,250140001,25_14_1,Pesca de camarón,1
25014,250140001,25_14_1,"Piscicultura y otra acuicultura, excepto camaronicultura",1
25014,250140015,25_14_15,Pesca de camarón,1
25014,250140020,25_14_20,Pesca de camarón,2
25014,250140020,25_14_20,"Pesca y captura de peces, crustáceos, moluscos y otras especies",3
25014,250140022,25_14_22,Camaronicultura,3
25014,250140022,25_14_22,Pesca de camarón,2
25014,250140041,25_14_41,Pesca de camarón,5
25014,250140079,25_14_79,Pesca de camarón,1
25014,250140134,25_14_134,Pesca de camarón,2
25014,250140134,25_14_134,"Pesca y captura de peces, crustáceos, moluscos y otras especies",1
25014,250140146,25_14_146,Pesca de camarón,5
25014,250140146,25_14_146,"Pesca y captura de peces, crustáceos, moluscos y otras especies",1
25014,250140146,25_14_146,"Piscicultura y otra acuicultura, excepto camaronicultura",1
25014,250140287,25_14_287,Pesca de camarón,5
25014,250140287,25_14_287,"Pesca y captura de peces, crustáceos, moluscos y otras especies",3
25014,250140388,25_14_388,Pesca de camarón,8
25014,250140388,25_14_388,"Pesca y captura de peces, crustáceos, moluscos y otras especies",1
25014,250140398,25_14_398,Pesca de camarón,8
25016,250160066,25_16_66,Camaronicultura,2
25016,250160066,25_16_66,"Pesca y captura de peces, crustáceos, moluscos y otras especies",19
25016,250160066,25_16_66,"Piscicultura y otra acuicultura, excepto camaronicultura",4
25016,250160131,25_16_131,Camaronicultura,1
25016,250160676,25_16_676,Camaronicultura,2
25016,250160676,25_16_676,"Pesca y captura de peces, crustáceos, moluscos y otras especies",5
25016,250160676,25_16_676,"Piscicultura y otra acuicultura, excepto camaronicultura",1
25018,250180001,25_18_1,Camaronicultura,2
25018,250180002,25_18_2,Camaronicultura,1
25018,250180006,25_18_6,Camaronicultura,2
25018,250180006,25_18_6,Pesca de camarón,13
25018,250180006,25_18_6,"Pesca y captura de peces, crustáceos, moluscos y otras especies",6
25018,250180006,25_18_6,"Piscicultura y otra acuicultura, excepto camaronicultura",1
25018,250180014,25_18_14,Camaronicultura,1
25018,250180041,25_18_41,Camaronicultura,2
25018,250180041,25_18_41,Pesca de camarón,18
25018,250180041,25_18_41,"Pesca y captura de peces, crustáceos, moluscos y otras especies",1
25018,250180054,25_18_54,Camaronicultura,1
25018,250180054,25_18_54,Pesca de camarón,2
25018,250180054,25_18_54,"Pesca y captura de peces, crustáceos, moluscos y otras especies",7
25018,250180076,25_18_76,Camaronicultura,2
25018,250180126,25_18_126,"Pesca y captura de peces, crustáceos, moluscos y otras especies",5
25018,250180131,25_18_131,Camaronicultura,2
25018,250180131,25_18_131,Pesca de camarón,3
25018,250180131,25_18_131,"Pesca y captura de peces, crustáceos, moluscos y otras especies",3
25018,250180292,25_18_292,Camaronicultura,1
25018,250180322,25_18_322,Pesca de camarón,1
25018,250180322,25_18_322,"Pesca y captura de peces, crustáceos, moluscos y otras especies",12
25018,250180434,25_18_434,Pesca de camarón,18
25018,250180434,25_18_434,"Pesca y captura de peces, crustáceos, moluscos y otras especies",9
26012,260120082,26_12_82,Pesca de camarón,1
26012,260120172,26_12_172,Camaronicultura,2
26012,260120172,26_12_172,Pesca de camarón,5
26017,260170001,26_17_1,"Pesca y captura de peces, crustáceos, moluscos y otras especies",4
26017,260170080,26_17_80,"Pesca y captura de peces, crustáceos, moluscos y otras especies",11
26017,260170080,26_17_80,"Piscicultura y otra acuicultura, excepto camaronicultura",1
26017,260170166,26_17_166,Pesca de sardina y anchoveta,1
26017,260170166,26_17_166,"Pesca y captura de peces, crustáceos, moluscos y otras especies",16
26018,260180001,26_18_1,Camaronicultura,12
26018,260180001,26_18_1,Pesca de camarón,3
26018,260180001,26_18_1,"Pesca y captura de peces, crustáceos, moluscos y otras especies",1
26018,260180090,26_18_90,"Pesca y captura de peces, crustáceos, moluscos y otras especies",2
26018,260180284,26_18_284,"Pesca y captura de peces, crustáceos, moluscos y otras especies",1
26018,260180296,26_18_296,"Pesca y captura de peces, crustáceos, moluscos y otras especies",1
26018,260180357,26_18_357,"Pesca y captura de peces, crustáceos, moluscos y otras especies",1
26018,260180365,26_18_365,Pesca de camarón,1
26018,260180585,26_18_585,"Pesca y captura de peces, crustáceos, moluscos y otras especies",2
26025,260250001,26_25_1,Pesca de camarón,23
26025,260250001,26_25_1,"Pesca y captura de peces, crustáceos, moluscos y otras especies",6
26025,260250013,26_25_13,"Pesca y captura de peces, crustáceos, moluscos y otras especies",1
26025,260250082,26_25_82,Pesca de camarón,2
26025,260250082,26_25_82,"Pesca y captura de peces, crustáceos, moluscos y otras especies",1
26026,260260011,26_26_11,Pesca de camarón,1
26026,260260051,26_26_51,Camaronicultura,1
26029,260290001,26_29_1,Camaronicultura,1
26029,260290001,26_29_1,Pesca de camarón,72
26029,260290001,26_29_1,Pesca de sardina y anchoveta,7
26029,260290001,26_29_1,"Pesca y captura de peces, crustáceos, moluscos y otras especies",26
26029,260290001,26_29_1,"Piscicultura y otra acuicultura, excepto camaronicultura",2
26029,260290025,26_29_25,"Pesca y captura de peces, crustáceos, moluscos y otras especies",2
26029,260290111,26_29_111,Pesca de camarón,1
26029,260290254,26_29_254,Camaronicultura,1
26029,260291298,26_29_1298,Pesca de camarón,4
26029,260291298,26_29_1298,"Pesca y captura de peces, crustáceos, moluscos y otras especies",13
26030,260300001,26_30_1,Camaronicultura,13
26030,260300001,26_30_1,"Piscicultura y otra acuicultura, excepto camaronicultura",3
26030,260300136,26_30_136,"Pesca y captura de peces, crustáceos, moluscos y otras especies",4
26030,260300137,26_30_137,Camaronicultura,2
26030,260300137,26_30_137,Pesca de camarón,4
26030,260300137,26_30_137,"Pesca y captura de peces, crustáceos, moluscos y otras especies",49
26030,260300208,26_30_208,Pesca de camarón,1
26030,260300208,26_30_208,"Pesca y captura de peces, crustáceos, moluscos y otras especies",2
26030,260300514,26_30_514,Camaronicultura,1
26030,260301214,26_30_1214,"Pesca y captura de peces, crustáceos, moluscos y otras especies",10
26030,260301215,26_30_1215,Camaronicultura,4
26030,260301215,26_30_1215,"Pesca y captura de peces, crustáceos, moluscos y otras especies",5
26030,260301829,26_30_1829,"Pesca y captura de peces, crustáceos, moluscos y otras especies",2
26030,260301889,26_30_1889,"Pesca y captura de peces, crustáceos, moluscos y otras especies",4
26030,260301889,26_30_1889,"Piscicultura y otra acuicultura, excepto camaronicultura",3
26030,260303258,26_30_3258,Pesca de camarón,2
26030,260303661,26_30_3661,Camaronicultura,1
26033,260330001,26_33_1,Pesca de camarón,6
26033,260330001,26_33_1,"Pesca y captura de peces, crustáceos, moluscos y otras especies",4
26033,260330001,26_33_1,"Piscicultura y otra acuicultura, excepto camaronicultura",3
26033,260330002,26_33_2,Pesca de camarón,16
26033,260330002,26_33_2,"Pesca y captura de peces, crustáceos, moluscos y otras especies",2
26033,260330011,26_33_11,Pesca de camarón,1
26033,260330011,26_33_11,"Pesca y captura de peces, crustáceos, moluscos y otras especies",2
26033,260330012,26_33_12,Pesca de camarón,2
26033,260330017,26_33_17,Pesca de camarón,10
26033,260330019,26_33_19,Pesca de camarón,2
26033,260330020,26_33_20,Pesca de camarón,1
26033,260330035,26_33_35,Pesca de camarón,1
26033,260330035,26_33_35,"Pesca y captura de peces, crustáceos, moluscos y otras especies",1
26033,260330038,26_33_38,"Pesca y captura de peces, crustáceos, moluscos y otras especies",1
26033,260330054,26_33_54,Pesca de camarón,1
26033,260330054,26_33_54,"Pesca y captura de peces, crustáceos, moluscos y otras especies",1
26033,260330055,26_33_55,Pesca de camarón,1
26033,260330062,26_33_62,Pesca de camarón,2
26033,260330063,26_33_63,Camaronicultura,1
26033,260330063,26_33_63,Pesca de camarón,2
26033,260330067,26_33_67,Pesca de camarón,10
26033,260330078,26_33_78,Pesca de camarón,1
26033,260330082,26_33_82,"Piscicultura y otra acuicultura, excepto camaronicultura",1
26033,260330083,26_33_83,Pesca de camarón,1
26033,260330094,26_33_94,"Pesca y captura de peces, crustáceos, moluscos y otras especies",1
26033,260330098,26_33_98,Pesca de camarón,1
26033,260330099,26_33_99,Pesca de camarón,47
26033,260330099,26_33_99,Pesca de sardina y anchoveta,1
26033,260330099,26_33_99,"Pesca y captura de peces, crustáceos, moluscos y otras especies",13
26033,260330100,26_33_100,Pesca de camarón,5
26033,260330110,26_33_110,"Pesca y captura de peces, crustáceos, moluscos y otras especies",2
26033,260330112,26_33_112,"Piscicultura y otra acuicultura, excepto camaronicultura",2
26033,260330210,26_33_210,"Pesca y captura de peces, crustáceos, moluscos y otras especies",1
26033,260330230,26_33_230,Pesca de camarón,3
26033,260330235,26_33_235,Pesca de camarón,1
26047,260470027,26_47_27,"Pesca y captura de peces, crustáceos, moluscos y otras especies",2
26047,260470065,26_47_65,"Pesca y captura de peces, crustáceos, moluscos y otras especies",19
26048,260480001,26_48_1,Pesca de camarón,49
26048,260480001,26_48_1,"Pesca y captura de peces, crustáceos, moluscos y otras especies",52
26048,260480001,26_48_1,"Piscicultura y otra acuicultura, excepto camaronicultura",3
26048,260480004,26_48_4,"Pesca y captura de peces, crustáceos, moluscos y otras especies",2
26048,260480204,26_48_204,"Piscicultura y otra acuicultura, excepto camaronicultura",2
26055,260550001,26_55_1,Pesca de camarón,1
26055,260550001,26_55_1,"Pesca y captura de peces, crustáceos, moluscos y otras especies",1
26055,260550011,26_55_11,Camaronicultura,3
26055,260550011,26_55_11,Pesca de camarón,42
26055,260550011,26_55_11,"Pesca y captura de peces, crustáceos, moluscos y otras especies",77
26055,260550011,26_55_11,"Piscicultura y otra acuicultura, excepto camaronicultura",3
26071,260710001,26_71_1,Pesca de camarón,1
26071,260710001,26_71_1,"Pesca y captura de peces, crustáceos, moluscos y otras especies",1
26071,260710139,26_71_139,Pesca de camarón,21
26071,260710140,26_71_140,Pesca de camarón,1
26071,260710141,26_71_141,Pesca de camarón,18
26072,260720001,26_72_1,Pesca de camarón,1
26072,260720017,26_72_17,Pesca de camarón,33
26072,260720017,26_72_17,"Pesca y captura de peces, crustáceos, moluscos y otras especies",20
26072,260720186,26_72_186,Camaronicultura,12
26072,260720186,26_72_186,Pesca de camarón,4
26072,260720186,26_72_186,"Pesca y captura de peces, crustáceos, moluscos y otras especies",1
26072,260720186,26_72_186,"Piscicultura y otra acuicultura, excepto camaronicultura",2
31011,310110001,31_11_1,Pesca de camarón,15
31011,310110001,31_11_1,Pesca de sardina y anchoveta,1
31011,310110001,31_11_1,"Pesca y captura de peces, crustáceos, moluscos y otras especies",198
31027,310270001,31_27_1,"Pesca y captura de peces, crustáceos, moluscos y otras especies",4
31027,310270004,31_27_4,"Pesca y captura de peces, crustáceos, moluscos y otras especies",6
31028,310280001,31_28_1,"Pesca y captura de peces, crustáceos, moluscos y otras especies",151
31029,310290001,31_29_1,"Pesca y captura de peces, crustáceos, moluscos y otras especies",3
31029,310290001,31_29_1,"Piscicultura y otra acuicultura, excepto camaronicultura",1
31033,310330006,31_33_6,"Piscicultura y otra acuicultura, excepto camaronicultura",1
31038,310380004,31_38_4,Camaronicultura,1
31038,310380004,31_38_4,"Pesca y captura de peces, crustáceos, moluscos y otras especies",98
31059,310590001,31_59_1,Pesca de sardina y anchoveta,4
31059,310590001,31_59_1,Pesca de túnidos,1
31059,310590001,31_59_1,"Pesca y captura de peces, crustáceos, moluscos y otras especies",160
31059,310590003,31_59_3,"Pesca y captura de peces, crustáceos, moluscos y otras especies",53
31059,310590004,31_59_4,"Pesca y captura de peces, crustáceos, moluscos y otras especies",51
31059,310590005,31_59_5,"Pesca y captura de peces, crustáceos, moluscos y otras especies",67
31059,310590026,31_59_26,"Pesca y captura de peces, crustáceos, moluscos y otras especies",1
31059,310590078,31_59_78,"Pesca y captura de peces, crustáceos, moluscos y otras especies",1
31061,310610001,31_61_1,"Pesca y captura de peces, crustáceos, moluscos y otras especies",46
31061,310610002,31_61_2,"Pesca y captura de peces, crustáceos, moluscos y otras especies",11
31065,310650001,31_65_1,"Pesca y captura de peces, crustáceos, moluscos y otras especies",24
31068,310680001,31_68_1,"Pesca y captura de peces, crustáceos, moluscos y otras especies",3
31068,310680001,31_68_1,"Piscicultura y otra acuicultura, excepto camaronicultura",1
31068,310680003,31_68_3,"Pesca y captura de peces, crustáceos, moluscos y otras especies",25
31083,310830001,31_83_1,"Pesca y captura de peces, crustáceos, moluscos y otras especies",54
31083,310830001,31_83_1,"Piscicultura y otra acuicultura, excepto camaronicultura",1
31096,310960001,31_96_1,"Piscicultura y otra acuicultura, excepto camaronicultura",1
31096,310960009,31_96_9,"Pesca y captura de peces, crustáceos, moluscos y otras especies",40
31106,311060002,31_106_2,"Pesca y captura de peces, crustáceos, moluscos y otras especies",5
31106,311060054,31_106_54,"Pesca y captura de peces, crustáceos, moluscos y otras especies",6
