CVE_MUN,CVE_LOC,actividad,nombre_act,neg_tot,NOM_ENT,ENTIDAD,NOM_MUN,MUN,NOM_LOC,LOC,COM_ID,deci_lat,deci_lon,POBTOT
02001,020010001,Mineria,Minería de arena y grava para la construcción,1,Baja California,2,Ensenada,1,Ensenada,1,2_1_1,31.80894388888889,-116.59513388888888,330652
02001,020010001,Mineria,Minería de hierro,1,Baja California,2,Ensenada,1,Ensenada,1,2_1_1,31.80894388888889,-116.59513388888888,330652
02001,020010001,Mineria,Minería de manganeso,1,Baja California,2,Ensenada,1,Ensenada,1,2_1_1,31.80894388888889,-116.59513388888888,330652
02001,020010001,Mineria,Minería de oro,1,Baja California,2,Ensenada,1,Ensenada,1,2_1_1,31.80894388888889,-116.59513388888888,330652
02001,020010001,Mineria,Otros servicios relacionados con la minería,1,Baja California,2,Ensenada,1,Ensenada,1,2_1_1,31.80894388888889,-116.59513388888888,330652
02001,020012465,Mineria,Minería de arena y grava para la construcción,1,Baja California,2,Ensenada,1,El Rosario,2465,2_1_2465,32.07582027777778,-116.58051305555556,6
02001,020014444,Mineria,Minería de sal,2,Baja California,2,Ensenada,1,El Morro,4444,2_1_4444,28.0425,-115.18694444444444,605
02002,020020001,Mineria,Minería de arena y grava para la construcción,1,Baja California,2,Mexicali,2,Mexicali,1,2_2_1,32.641175833333335,-115.47557888888888,854186
02002,020020210,Mineria,Minería de arena y grava para la construcción,1,Baja California,2,Mexicali,2,Colonia Ladrillera,210,2_2_210,32.68000444444444,-114.7622325,343
02004,020040001,Mineria,Minería de arena y grava para la construcción,2,Baja California,2,Tijuana,4,Tijuana,1,2_4_1,32.53246083333333,-117.01891333333332,1810645
02004,020040001,Mineria,Minería de piedra caliza,2,Baja California,2,Tijuana,4,Tijuana,1,2_4_1,32.53246083333333,-117.01891333333332,1810645
02004,020041060,Mineria,Minería de otras piedras dimensionadas,1,Baja California,2,Tijuana,4,Valle Bonito,1060,2_4_1060,32.42251944444444,-116.88325666666664,886
02006,020060001,Mineria,Minería de arena y grava para la construcción,1,Baja California,2,San Quintín,6,San Quintín,1,2_6_1,30.556485277777774,-115.93906138888887,4754
02006,020060081,Mineria,Minería de otras piedras dimensionadas,1,Baja California,2,San Quintín,6,Colonia Llamas,81,2_6_81,30.748369166666667,-115.98593361111112,205
02006,020060224,Mineria,Minería de arena y grava para la construcción,1,Baja California,2,San Quintín,6,El Rosario de Abajo,224,2_6_224,30.042765833333338,-115.73664472222222,439
02006,020060585,Mineria,Minería de arena y grava para la construcción,3,Baja California,2,San Quintín,6,Lázaro Cárdenas,585,2_6_585,30.525980555555556,-115.93194666666668,18829
02006,020060585,Mineria,Minería de sal,1,Baja California,2,San Quintín,6,Lázaro Cárdenas,585,2_6_585,30.525980555555556,-115.93194666666668,18829
02006,020060630,Mineria,Minería de arena y grava para la construcción,4,Baja California,2,San Quintín,6,Nuevo Uruapan,630,2_6_630,30.07468972222222,-115.70855083333332,1042
02006,020060630,Mineria,Minería de piedra caliza,2,Baja California,2,San Quintín,6,Nuevo Uruapan,630,2_6_630,30.07468972222222,-115.70855083333332,1042
03002,030020001,Mineria,Minería de cobre,1,Baja California Sur,3,Mulegé,2,Santa Rosalía,1,3_2_1,27.33686833333333,-112.26827472222222,14357
03002,030020001,Mineria,Minería de piedra de yeso,1,Baja California Sur,3,Mulegé,2,Santa Rosalía,1,3_2_1,27.33686833333333,-112.26827472222222,14357
03002,030020001,Mineria,Otros servicios relacionados con la minería,1,Baja California Sur,3,Mulegé,2,Santa Rosalía,1,3_2_1,27.33686833333333,-112.26827472222222,14357
03002,030020015,Mineria,Minería de arena y grava para la construcción,1,Baja California Sur,3,Mulegé,2,Bahía Tortugas,15,3_2_15,27.69174388888889,-114.89567916666668,2367
03002,030020066,Mineria,Minería de arena y grava para la construcción,3,Baja California Sur,3,Mulegé,2,Guerrero Negro,66,3_2_66,27.971833055555553,-114.05302111111112,13596
03002,030020066,Mineria,Minería de sal,2,Baja California Sur,3,Mulegé,2,Guerrero Negro,66,3_2_66,27.971833055555553,-114.05302111111112,13596
03002,030020077,Mineria,Minería de piedra de yeso,1,Baja California Sur,3,Mulegé,2,Isla San Marcos,77,3_2_77,27.189170833333332,-112.08122222222222,367
03002,030020097,Mineria,Minería de arena y grava para la construcción,1,Baja California Sur,3,Mulegé,2,Heroica Mulegé,97,3_2_97,26.891565,-111.98140055555557,3834
03002,030020482,Mineria,Minería de arena y grava para la construcción,4,Baja California Sur,3,Mulegé,2,Villa Alberto Andrés Alvarado Arámburo,482,3_2_482,27.64381,-113.38817555555556,10897
03003,030030001,Mineria,Minería de arena y grava para la construcción,3,Baja California Sur,3,La Paz,3,La Paz,1,3_3_1,24.148745,-110.30659,250141
03003,030030001,Mineria,Minería de oro,2,Baja California Sur,3,La Paz,3,La Paz,1,3_3_1,24.148745,-110.30659,250141
03003,030030766,Mineria,Minería de oro,2,Baja California Sur,3,La Paz,3,San Antonio,766,3_3_766,23.805498611111112,-110.05822111111112,470
03003,030030778,Mineria,Minería de sal,1,Baja California Sur,3,La Paz,3,San Evaristo,778,3_3_778,24.910759166666665,-110.70970861111113,70
03003,030030963,Mineria,Minería de roca fosfórica,1,Baja California Sur,3,La Paz,3,San Juan de la Costa,963,3_3_963,24.371214444444444,-110.68843055555556,146
03008,030080056,Mineria,Minería de arena y grava para la construcción,1,Baja California Sur,3,Los Cabos,8,Caduaño,56,3_8_56,23.333591666666667,-109.77952333333332,373
03008,030080197,Mineria,Minería de arena y grava para la construcción,1,Baja California Sur,3,Los Cabos,8,Migriño,197,3_8_197,23.04645388888889,-110.09510472222222,22
03009,030090001,Mineria,Minería de arena y grava para la construcción,1,Baja California Sur,3,Loreto,9,Loreto,1,3_9_1,26.012777777777774,-111.34333333333332,16311
04003,040030001,Mineria,Extracción de petróleo y gas natural asociado,13,Campeche,4,Carmen,3,Ciudad del Carmen,1,4_3_1,18.637789444444444,-91.83645,191238
04003,040030001,Mineria,Otros servicios relacionados con la minería,3,Campeche,4,Carmen,3,Ciudad del Carmen,1,4_3_1,18.637789444444444,-91.83645,191238
04003,040030001,Mineria,Perforación de pozos petroleros y de gas,14,Campeche,4,Carmen,3,Ciudad del Carmen,1,4_3_1,18.637789444444444,-91.83645,191238
04012,040120056,Mineria,Minería de arena y grava para la construcción,1,Campeche,4,Seybaplaya,12,Xkeulil,56,4_12_56,19.628823333333333,-90.62800472222222,1063
14043,140430001,Mineria,Minería de piedra caliza,1,Jalisco,14,La Huerta,43,La Huerta,1,14_43_1,19.485,-104.64333333333336,7954
14043,140430036,Mineria,Minería de arena y grava para la construcción,1,Jalisco,14,La Huerta,43,Emiliano Zapata,36,14_43_36,19.384003611111112,-104.96510833333332,1352
14067,140670031,Mineria,Minería de arena y grava para la construcción,1,Jalisco,14,Puerto Vallarta,67,Las Juntas,31,14_67_31,20.700530555555556,-105.24303416666666,10242
14100,141000001,Mineria,Minería de arena y grava para la construcción,1,Jalisco,14,Tomatlán,100,Tomatlán,1,14_100_1,19.941525,-105.2452725,9842
14100,141000065,Mineria,Minería de arena y grava para la construcción,1,Jalisco,14,Tomatlán,100,José María Morelos,65,14_100_65,19.67638888888889,-105.18222222222222,3200
14100,141000189,Mineria,Minería de arena y grava para la construcción,1,Jalisco,14,Tomatlán,100,José María Pino Suárez (Nuevo Nahuapa),189,14_100_189,19.948888888888888,-105.32777777777775,3160
18004,180040154,Mineria,Minería de arena y grava para la construcción,1,Nayarit,18,Compostela,4,Rincón de Guayabitos,154,18_4_154,21.024273333333333,-105.26599777777778,2777
18020,180200069,Mineria,Minería de arena y grava para la construcción,2,Nayarit,18,Bahía de Banderas,20,El Porvenir,69,18_20_69,20.753589722222223,-105.24227361111112,6166
23001,230010001,Mineria,Minería de piedra caliza,1,Quintana Roo,23,Cozumel,1,Cozumel,1,23_1_1,20.503784166666662,-86.95758833333333,84519
25001,250010001,Mineria,Minería de sal,1,Sinaloa,25,Ahome,1,Los Mochis,1,25_1_1,25.783416944444447,-108.99434277777776,298009
25006,250060001,Mineria,Minería de arena y grava para la construcción,7,Sinaloa,25,Culiacán,6,Culiacán Rosales,1,25_6_1,24.808808055555556,-107.39375611111112,808416
25006,250060001,Mineria,Minería de cobre,1,Sinaloa,25,Culiacán,6,Culiacán Rosales,1,25_6_1,24.808808055555556,-107.39375611111112,808416
25006,250060001,Mineria,Minería de hierro,1,Sinaloa,25,Culiacán,6,Culiacán Rosales,1,25_6_1,24.808808055555556,-107.39375611111112,808416
25006,250060001,Mineria,Minería de oro,1,Sinaloa,25,Culiacán,6,Culiacán Rosales,1,25_6_1,24.808808055555556,-107.39375611111112,808416
25006,250060001,Mineria,Minería de otros minerales metálicos,1,Sinaloa,25,Culiacán,6,Culiacán Rosales,1,25_6_1,24.808808055555556,-107.39375611111112,808416
25006,250060001,Mineria,Minería de plomo y zinc,1,Sinaloa,25,Culiacán,6,Culiacán Rosales,1,25_6_1,24.808808055555556,-107.39375611111112,808416
25006,250060001,Mineria,Otros servicios relacionados con la minería,1,Sinaloa,25,Culiacán,6,Culiacán Rosales,1,25_6_1,24.808808055555556,-107.39375611111112,808416
25006,250060487,Mineria,Minería de arena y grava para la construcción,1,Sinaloa,25,Culiacán,6,Mojolo,487,25_6_487,24.884227222222226,-107.41641583333336,198
25006,250060518,Mineria,Minería de arena y grava para la construcción,1,Sinaloa,25,Culiacán,6,Oso Nuevo (El Oso),518,25_6_518,24.40418888888889,-107.18896361111112,668
25009,250090001,Mineria,Minería de arena y grava para la construcción,1,Sinaloa,25,Escuinapa,9,Escuinapa de Hidalgo,1,25_9_1,22.83505138888889,-105.77787583333333,33924
25012,250120001,Mineria,Minería de arena y grava para la construcción,5,Sinaloa,25,Mazatlán,12,Mazatlán,1,25_12_1,23.20031583333333,-106.4222213888889,441975
25012,250120001,Mineria,Minería de hierro,1,Sinaloa,25,Mazatlán,12,Mazatlán,1,25_12_1,23.20031583333333,-106.4222213888889,441975
25012,250120001,Mineria,Minería de oro,2,Sinaloa,25,Mazatlán,12,Mazatlán,1,25_12_1,23.20031583333333,-106.4222213888889,441975
25012,250120001,Mineria,Minería de plata,1,Sinaloa,25,Mazatlán,12,Mazatlán,1,25_12_1,23.20031583333333,-106.4222213888889,441975
25012,250120001,Mineria,Otros servicios relacionados con la minería,2,Sinaloa,25,Mazatlán,12,Mazatlán,1,25_12_1,23.20031583333333,-106.4222213888889,441975
25014,250140001,Mineria,Minería de arena y grava para la construcción,2,Sinaloa,25,Rosario,14,El Rosario,1,25_14_1,22.990874166666668,-105.85375666666664,17097
25014,250140001,Mineria,Minería de oro,1,Sinaloa,25,Rosario,14,El Rosario,1,25_14_1,22.990874166666668,-105.85375666666664,17097
25014,250140001,Mineria,Otros servicios relacionados con la minería,1,Sinaloa,25,Rosario,14,El Rosario,1,25_14_1,22.990874166666668,-105.85375666666664,17097
25018,250180076,Mineria,Minería de sal,1,Sinaloa,25,Navolato,18,Montelargo,76,25_18_76,24.935525,-107.86436666666664,108
26017,260170001,Mineria,Minería de arena y grava para la construcción,1,Sonora,26,Caborca,17,Heroica Caborca,1,26_17_1,30.714073888888887,-112.14835472222222,67604
26017,260170001,Mineria,Minería de cobre,1,Sonora,26,Caborca,17,Heroica Caborca,1,26_17_1,30.714073888888887,-112.14835472222222,67604
26017,260170001,Mineria,Minería de oro,2,Sonora,26,Caborca,17,Heroica Caborca,1,26_17_1,30.714073888888887,-112.14835472222222,67604
26017,260170001,Mineria,Otros servicios relacionados con la minería,2,Sonora,26,Caborca,17,Heroica Caborca,1,26_17_1,30.714073888888887,-112.14835472222222,67604
26018,260180001,Mineria,Minería de grafito,3,Sonora,26,Cajeme,18,Ciudad Obregón,1,26_18_1,27.49648888888889,-109.93271611111112,329404
26018,260180001,Mineria,Minería de sal,1,Sonora,26,Cajeme,18,Ciudad Obregón,1,26_18_1,27.49648888888889,-109.93271611111112,329404
26029,260290001,Mineria,Minería de hierro,1,Sonora,26,Guaymas,29,Heroica Guaymas,1,26_29_1,27.923248611111113,-110.88944472222222,117253
26030,260300001,Mineria,Extracción de petróleo y gas natural asociado,1,Sonora,26,Hermosillo,30,Hermosillo,1,26_30_1,29.074891666666662,-110.95846361111111,855563
26030,260300001,Mineria,Minería de arena y grava para la construcción,3,Sonora,26,Hermosillo,30,Hermosillo,1,26_30_1,29.074891666666662,-110.95846361111111,855563
26030,260300001,Mineria,Minería de barita,1,Sonora,26,Hermosillo,30,Hermosillo,1,26_30_1,29.074891666666662,-110.95846361111111,855563
26030,260300001,Mineria,Minería de cobre,4,Sonora,26,Hermosillo,30,Hermosillo,1,26_30_1,29.074891666666662,-110.95846361111111,855563
26030,260300001,Mineria,Minería de grafito,3,Sonora,26,Hermosillo,30,Hermosillo,1,26_30_1,29.074891666666662,-110.95846361111111,855563
26030,260300001,Mineria,Minería de oro,13,Sonora,26,Hermosillo,30,Hermosillo,1,26_30_1,29.074891666666662,-110.95846361111111,855563
26030,260300001,Mineria,Minería de otras piedras dimensionadas,1,Sonora,26,Hermosillo,30,Hermosillo,1,26_30_1,29.074891666666662,-110.95846361111111,855563
26030,260300001,Mineria,Minería de otros minerales no metálicos,1,Sonora,26,Hermosillo,30,Hermosillo,1,26_30_1,29.074891666666662,-110.95846361111111,855563
26030,260300001,Mineria,Minería de piedra caliza,1,Sonora,26,Hermosillo,30,Hermosillo,1,26_30_1,29.074891666666662,-110.95846361111111,855563
26030,260300001,Mineria,Minería de plata,2,Sonora,26,Hermosillo,30,Hermosillo,1,26_30_1,29.074891666666662,-110.95846361111111,855563
26030,260300001,Mineria,Minería de plomo y zinc,1,Sonora,26,Hermosillo,30,Hermosillo,1,26_30_1,29.074891666666662,-110.95846361111111,855563
26030,260300001,Mineria,Minería de sílice,1,Sonora,26,Hermosillo,30,Hermosillo,1,26_30_1,29.074891666666662,-110.95846361111111,855563
26030,260300001,Mineria,Otros servicios relacionados con la minería,45,Sonora,26,Hermosillo,30,Hermosillo,1,26_30_1,29.074891666666662,-110.95846361111111,855563
26030,260300001,Mineria,Perforación de pozos petroleros y de gas,1,Sonora,26,Hermosillo,30,Hermosillo,1,26_30_1,29.074891666666662,-110.95846361111111,855563
26030,260300289,Mineria,Minería de otros minerales no metálicos,1,Sonora,26,Hermosillo,30,Hermosillo,289,26_30_289,28.640329444444443,-111.52669472222222,32
26033,260330099,Mineria,Minería de sal,2,Sonora,26,Huatabampo,33,Yavaros (Isla las Viejas),99,26_33_99,26.704953333333332,-109.52010638888888,3677
26048,260480001,Mineria,Otros servicios relacionados con la minería,2,Sonora,26,Puerto Peñasco,48,Puerto Peñasco,1,26_48_1,31.306780833333335,-113.54013083333334,62301
26055,260550001,Mineria,Minería de arena y grava para la construcción,1,Sonora,26,San Luis Río Colorado,55,San Luis Río Colorado,1,26_55_1,32.47983111111111,-114.77962444444444,176685
31011,310110001,Mineria,Minería de sal,5,Yucatán,31,Celestún,11,Celestún,1,31_11_1,20.86009166666667,-90.39946361111112,8366
31027,310270004,Mineria,Minería de sal,1,Yucatán,31,Dzidzantún,27,Santa Clara,4,31_27_4,21.373820277777774,-89.01375416666667,38
31059,310590078,Mineria,Minería de arena y grava para la construcción,1,Yucatán,31,Progreso,59,El Paraíso,78,31_59_78,21.194325833333338,-89.65164722222222,439
31068,310680003,Mineria,Minería de sal,1,Yucatán,31,Sinanché,68,San Crisanto,3,31_68_3,21.35328138888889,-89.17180888888889,605
