CVE_MUN,CVE_LOC,NOM_ENT,NOM_MUN,NOM_LOC,tot_denue
02001,020010001,Baja California,Ensenada,Ensenada,15084
02001,020010095,Baja California,Ensenada,Ejido Eréndira,10
02001,020010114,Baja California,Ensenada,Francisco Zarco (Valle de Guadalupe),234
02001,020010118,Baja California,Ensenada,Licenciado Gustavo Díaz Ordaz,4
02001,020010124,Baja California,Ensenada,Isla de Cedros,77
02001,020010139,Baja California,Ensenada,Rodolfo Sánchez Taboada (Maneadero),1210
02001,020010151,Baja California,Ensenada,La Misión,46
02001,020010184,Baja California,Ensenada,Coronel Esteban Cantú,35
02001,020010186,Baja California,Ensenada,Ejido Punta Colnett (Punta Colonet),169
02001,020010190,Baja California,Ensenada,Real del Castillo Nuevo (Ojos Negros),174
02001,020010242,Baja California,Ensenada,Santo Tomás,1
02001,020010243,Baja California,Ensenada,San Vicente,251
02001,020010247,Baja California,Ensenada,El Sauzal de Rodríguez,485
02001,020010254,Baja California,Ensenada,Cuatro Cuatros,1
02001,020010271,Baja California,Ensenada,Villa de Juárez (San Antonio de las Minas),7
02001,020010329,Baja California,Ensenada,La Bufadora,154
02001,020010585,Baja California,Ensenada,El Mogor,1
02001,020010617,Baja California,Ensenada,El Porvenir (Guadalupe),9
02001,020010677,Baja California,Ensenada,El Ramajal,3
02001,020010935,Baja California,Ensenada,Lázaro Cárdenas (Valle de la Trinidad),175
02001,020010942,Baja California,Ensenada,Uruapan,1
02001,020011015,Baja California,Ensenada,Emiliano Zapata,1
02001,020011025,Baja California,Ensenada,Poblado Héroes de Chapultepec,2
02001,020011115,Baja California,Ensenada,Aguacaliente,1
02001,020011297,Baja California,Ensenada,Colonia Costa Azul,3
02001,020011444,Baja California,Ensenada,La Jolla [Campo Turístico],29
02001,020011812,Baja California,Ensenada,San Miguel (Cíbolas de Mar),2
02001,020011962,Baja California,Ensenada,Villarino (Campo Villarino) [Campamento Turístico],3
02001,020012142,Baja California,Ensenada,Buena Vista,4
02001,020012151,Baja California,Ensenada,Punta Piedra,1
02001,020012154,Baja California,Ensenada,Mal Paso,3
02001,020012157,Baja California,Ensenada,Puerto Salina,6
02001,020012160,Baja California,Ensenada,Úrsulo Galván,4
02001,020012183,Baja California,Ensenada,Rancho Cañón Buena Vista (El Zorrillo),202
02001,020012223,Baja California,Ensenada,Punta Estero,2
02001,020012465,Baja California,Ensenada,El Rosario,1
02001,020012488,Baja California,Ensenada,El Milagro,1
02001,020012502,Baja California,Ensenada,Villas de San Miguel,3
02001,020012539,Baja California,Ensenada,Lucio Blanco [Granjas Agrícolas],1
02001,020012691,Baja California,Ensenada,Baja Mar San Diego,3
02001,020012776,Baja California,Ensenada,Playa Saldamando,1
02001,020013170,Baja California,Ensenada,Campo Número Siete,2
02001,020013171,Baja California,Ensenada,Rancho Packard,1
02001,020013173,Baja California,Ensenada,Lomas del Mar,1
02001,020013174,Baja California,Ensenada,Puerto Escondido,1
02001,020013329,Baja California,Ensenada,Campo Número Cinco,1
02001,020013368,Baja California,Ensenada,Artículo Ciento Quince,3
02001,020013381,Baja California,Ensenada,Ejido el Ajusco,1
02001,020013564,Baja California,Ensenada,Familia Solorio,1
02001,020013593,Baja California,Ensenada,Las Lomas [Residencial Campestre],2
02001,020013606,Baja California,Ensenada,Brisas del Mar,1
02001,020013658,Baja California,Ensenada,Tres Cruces [Rancho],1
02001,020013691,Baja California,Ensenada,Parcela Ocho (Ejido Nacionalista),1
02001,020013706,Baja California,Ensenada,Parcela Número Cuarenta y Tres (Ejido Nacionalista),1
02001,020013732,Baja California,Ensenada,Parcela Número Cincuenta y Siete (Familia Arce),1
02001,020014342,Baja California,Ensenada,Campo Número Nueve,1
02001,020014444,Baja California,Ensenada,El Morro,20
02001,020014523,Baja California,Ensenada,II Sección Ejido Esteban Cantú,9
02001,020014925,Baja California,Ensenada,Balcones Cíbolas del Mar,6
02001,020014930,Baja California,Ensenada,Playa Cibola del Mar,4
02001,020015037,Baja California,Ensenada,Colinas del Pedregal,2
02001,020015122,Baja California,Ensenada,Lindavista,7
02001,020015155,Baja California,Ensenada,Coronel Esteban Cantú [Tercera Sección],3
02001,020015167,Baja California,Ensenada,Rancho Virginia del Mar,1
02001,020015202,Baja California,Ensenada,Parcela Número Ciento Diez,1
02001,020015285,Baja California,Ensenada,Tierra Santa,1
02001,020015324,Baja California,Ensenada,Clam Beach [Campamento],1
02001,020015394,Baja California,Ensenada,Dovinto,1
02001,020015446,Baja California,Ensenada,Familia Garibay,1
02002,020020001,Baja California,Mexicali,Mexicali,29304
02002,020020103,Baja California,Mexicali,Ejido Licenciado Adolfo López Mateos,1
02002,020020110,Baja California,Mexicali,Colonia Venustiano Carranza (La Carranza),277
02002,020020111,Baja California,Mexicali,Vicente Guerrero (Algodones),809
02002,020020127,Baja California,Mexicali,Ejido Tabasco,1
02002,020020129,Baja California,Mexicali,Colonia Castro,1
02002,020020141,Baja California,Mexicali,Ejido Tamaulipas (Estación Cucapah),4
02002,020020158,Baja California,Mexicali,Ejido Chihuahua,1
02002,020020159,Baja California,Mexicali,Delta (Estación Delta),268
02002,020020161,Baja California,Mexicali,Ejido Monterrey (Colonia Batáquez),5
02002,020020169,Baja California,Mexicali,Ejido Durango,8
02002,020020176,Baja California,Mexicali,El Faro,3
02002,020020185,Baja California,Mexicali,Ciudad Guadalupe Victoria (Kilómetro Cuarenta y Tres),1175
02002,020020192,Baja California,Mexicali,Ejido Hermosillo,219
02002,020020193,Baja California,Mexicali,Herradura,1
02002,020020195,Baja California,Mexicali,Ejido Miguel Hidalgo,2
02002,020020206,Baja California,Mexicali,Ejido Jiquilpan,4
02002,020020210,Baja California,Mexicali,Colonia Ladrillera,3
02002,020020211,Baja California,Mexicali,Ejido Lázaro Cárdenas (La Mosca),1
02002,020020218,Baja California,Mexicali,Colonia Mariana,1
02002,020020225,Baja California,Mexicali,Michoacán de Ocampo,111
02002,020020227,Baja California,Mexicali,Ejido Sinaloa (Estación Kasey),93
02002,020020231,Baja California,Mexicali,Ciudad Morelos (Cuervos),463
02002,020020237,Baja California,Mexicali,Nuevo León,216
02002,020020242,Baja California,Mexicali,Ejido Yucatán,1
02002,020020251,Baja California,Mexicali,Ejido Pátzcuaro,3
02002,020020256,Baja California,Mexicali,Estación Pescaderos (Kilómetro Treinta y Nueve),2
02002,020020258,Baja California,Mexicali,Ejido Plan de Ayala,1
02002,020020259,Baja California,Mexicali,Colonia Pólvora,3
02002,020020266,Baja California,Mexicali,Colonia la Puerta,3
02002,020020268,Baja California,Mexicali,Ejido Hechicera,112
02002,020020282,Baja California,Mexicali,Ejido Saltillo,2
02002,020020284,Baja California,Mexicali,San Felipe,9
02002,020020295,Baja California,Mexicali,Ejido San Luis Potosí,1
02002,020020333,Baja California,Mexicali,Ejido el Choropo (Colonia Colorado Número Uno),1
02002,020020342,Baja California,Mexicali,El Chorizo (Colonia Colorado 1 Campo León Uno),4
02002,020020358,Baja California,Mexicali,Poblado Alfredo V. Bonfil,2
02002,020020362,Baja California,Mexicali,Ejido el Marítimo,1
02002,020020456,Baja California,Mexicali,Benito Juárez (Ejido Tecolotes),260
02002,020020459,Baja California,Mexicali,Poblado Paredones,129
02002,020020461,Baja California,Mexicali,Ciudad Coahuila (Kilómetro Cincuenta y Siete),355
02002,020020476,Baja California,Mexicali,Colonia Gutiérrez,1
02002,020020510,Baja California,Mexicali,Ejido Hipólito Rentería,1
02002,020020514,Baja California,Mexicali,Ejido Tula,1
02002,020020553,Baja California,Mexicali,La Rosita,4
02002,020021181,Baja California,Mexicali,Ejido Mezquital,1
02002,020021239,Baja California,Mexicali,Emiliano Zapata (Colonia Progreso),1
02002,020021291,Baja California,Mexicali,Zaragoza Primera Sección,1
02002,020021350,Baja California,Mexicali,Ventana del Mar,2
02002,020021521,Baja California,Mexicali,El Vergel,1
02002,020021542,Baja California,Mexicali,Crucero del Toluca (Ejido Toluca),9
02002,020021545,Baja California,Mexicali,Familia Acosta,1
02002,020021564,Baja California,Mexicali,Compuerta la 24 (Colonia Silva),1
02002,020021653,Baja California,Mexicali,La División (Colonia Venustiano Carranza),1
02002,020021657,Baja California,Mexicali,Colonia Seis [Granjas Lázaro Cárdenas],1
02002,020021896,Baja California,Mexicali,Familia Chávez (Ejido Lázaro Cárdenas),1
02002,020021975,Baja California,Mexicali,Colonia la 27 (Campamento SARH Kilómetro Veintisiete),1
02002,020022274,Baja California,Mexicali,Familia Limón (Colonia Primavera),1
02002,020022616,Baja California,Mexicali,Zona del Canal (Veracruz Dos),1
02002,020022818,Baja California,Mexicali,Familia Verdugo (Ejido Tamaulipas Parcela Veintiocho),1
02002,020022820,Baja California,Mexicali,Familia Verdugo (Ejido Cucapah Mestizo),1
02002,020022893,Baja California,Mexicali,Kilómetro Siete Punto Cinco (Colonia Colorado Uno),5
02002,020024729,Baja California,Mexicali,Granjas Arcoíris,4
02002,020024730,Baja California,Mexicali,El Sauzalito,1
02002,020024747,Baja California,Mexicali,Los Manantiales,1
02002,020024925,Baja California,Mexicali,Renacimiento del Valle,2
02002,020025006,Baja California,Mexicali,Cipsa,7
02002,020025225,Baja California,Mexicali,Crucero Nuevo León,2
02004,020040001,Baja California,Tijuana,Tijuana,59827
02004,020040164,Baja California,Tijuana,Casa Blanca (Familia Ulloa),8
02004,020040219,Baja California,Tijuana,El Refugio,1
02004,020040298,Baja California,Tijuana,El Florido,3
02004,020040326,Baja California,Tijuana,Rancho Casián,1
02004,020040498,Baja California,Tijuana,San Cosme [Avícola],1
02004,020040575,Baja California,Tijuana,El Mezquitito,1
02004,020040606,Baja California,Tijuana,San Antonio del Mar,9
02004,020040678,Baja California,Tijuana,Real del Mar,6
02004,020040679,Baja California,Tijuana,La Esperanza [Granjas Familiares],11
02004,020041004,Baja California,Tijuana,Xicoténcatl Dos,8
02004,020041017,Baja California,Tijuana,Rancho Ayala,1
02004,020041041,Baja California,Tijuana,Margarita Residencial [Fraccionamiento],2
02004,020041060,Baja California,Tijuana,Valle Bonito,3
02004,020041134,Baja California,Tijuana,Familia González Aguirre,11
02004,020041238,Baja California,Tijuana,Los Cinco Hermanos,1
02004,020041298,Baja California,Tijuana,Los Delfines,9
02004,020041309,Baja California,Tijuana,Santo Tomás [Establo],2
02004,020041345,Baja California,Tijuana,Terrazas del Sol,6
02004,020041348,Baja California,Tijuana,Cuesta Blanca,7
02004,020041351,Baja California,Tijuana,San Antonio,15
02004,020041421,Baja California,Tijuana,Parajes del Valle,75
02004,020041439,Baja California,Tijuana,Rancho Gutiérrez,1
02004,020041448,Baja California,Tijuana,La Esperanza,1
02004,020041518,Baja California,Tijuana,San Cosme (Rancho Arellano),2
02004,020041538,Baja California,Tijuana,La Esperanza [Vivero],6
02004,020041615,Baja California,Tijuana,El Niño,164
02004,020041783,Baja California,Tijuana,Los Olivos,1
02004,020041790,Baja California,Tijuana,El Refugio,2
02004,020041792,Baja California,Tijuana,Familia Cacho,1
02004,020041801,Baja California,Tijuana,Los Girasoles,2
02004,020041849,Baja California,Tijuana,Cuatro Hermanos,1
02004,020041851,Baja California,Tijuana,Ojo de Agua (El Florido),3
02004,020041874,Baja California,Tijuana,Terrazas de San Ángel,1
02004,020041883,Baja California,Tijuana,Villa del Campo,332
02004,020041901,Baja California,Tijuana,Roberto Yahuaca,8
02004,020041919,Baja California,Tijuana,San Marino,5
02004,020041931,Baja California,Tijuana,Palma Real,1
02004,020041934,Baja California,Tijuana,Lomas de San Pedro,2
02004,020041936,Baja California,Tijuana,El Platanal,1
02004,020041945,Baja California,Tijuana,Rancho Hernández,1
02004,020041961,Baja California,Tijuana,Ley del Servicio Civil,3
02004,020041977,Baja California,Tijuana,Valle de las Palmas [Etapa 1],2
02005,020050001,Baja California,Playas de Rosarito,Playas de Rosarito,4140
02005,020050002,Baja California,Playas de Rosarito,Alisitos,14
02005,020050003,Baja California,Playas de Rosarito,Bahía Cantiles (Cantiles Dorados),4
02005,020050008,Baja California,Playas de Rosarito,El Campito,10
02005,020050025,Baja California,Playas de Rosarito,Santa Anita,38
02005,020050028,Baja California,Playas de Rosarito,Misión del Mar 1ra. y 2da. Sección,16
02005,020050034,Baja California,Playas de Rosarito,Cuenca Lechera,8
02005,020050035,Baja California,Playas de Rosarito,Gaviotas [Curios],11
02005,020050036,Baja California,Playas de Rosarito,El Descanso,13
02005,020050064,Baja California,Playas de Rosarito,Ladrillera Pescador,42
02005,020050074,Baja California,Playas de Rosarito,Medio Camino,1
02005,020050075,Baja California,Playas de Rosarito,Misión Viejo,1
02005,020050076,Baja California,Playas de Rosarito,El Morro,3
02005,020050078,Baja California,Playas de Rosarito,El Morro Kilómetro Treinta y Ocho,15
02005,020050081,Baja California,Playas de Rosarito,El Pescador [Centro Turístico],10
02005,020050084,Baja California,Playas de Rosarito,Playas la Misión,3
02005,020050086,Baja California,Playas de Rosarito,Popotla,4
02005,020050089,Baja California,Playas de Rosarito,Primo Tapia,225
02005,020050090,Baja California,Playas de Rosarito,Puerto Nuevo,109
02005,020050104,Baja California,Playas de Rosarito,Don Pancho (Villa Pacífico),2
02005,020050150,Baja California,Playas de Rosarito,Rancho Reynoso,3
02005,020050160,Baja California,Playas de Rosarito,Rancho Santini,8
02005,020050163,Baja California,Playas de Rosarito,De Raúl [Centro Turístico],1
02005,020050193,Baja California,Playas de Rosarito,Terrazas del Pacífico,6
02005,020050194,Baja California,Playas de Rosarito,Venustiano Carranza,15
02005,020050196,Baja California,Playas de Rosarito,Marena [Club],1
02005,020050202,Baja California,Playas de Rosarito,Marbella,3
02005,020050207,Baja California,Playas de Rosarito,Puestas del Sol,1
02005,020050212,Baja California,Playas de Rosarito,Cumbres de Popotla,1
02005,020050218,Baja California,Playas de Rosarito,Los Volcanes,16
02005,020050227,Baja California,Playas de Rosarito,Rancho el Descanso,1
02005,020050230,Baja California,Playas de Rosarito,Vista Marina,35
02005,020050242,Baja California,Playas de Rosarito,Mar de Calafia,1
02005,020050243,Baja California,Playas de Rosarito,Costa Azul,1
02005,020050249,Baja California,Playas de Rosarito,El Refugio,5
02005,020050279,Baja California,Playas de Rosarito,Palmar Paradise [Centro Recreativo],1
02005,020050291,Baja California,Playas de Rosarito,El Sauco,1
02005,020050304,Baja California,Playas de Rosarito,El Morro,4
02005,020050305,Baja California,Playas de Rosarito,Puerto Popotla,40
02005,020050314,Baja California,Playas de Rosarito,Kilómetro Cuarenta y Tres,1
02005,020050316,Baja California,Playas de Rosarito,El Médano,1
02005,020050320,Baja California,Playas de Rosarito,Centinela [Fraccionamiento],2
02005,020050350,Baja California,Playas de Rosarito,Candiles Dorados,1
02005,020050355,Baja California,Playas de Rosarito,Hacienda del Sol,2
02005,020050375,Baja California,Playas de Rosarito,Artesanías Popotla,11
02005,020050376,Baja California,Playas de Rosarito,Artesanías Popotla Dos,46
02005,020050384,Baja California,Playas de Rosarito,Los Arroyos,2
02005,020050418,Baja California,Playas de Rosarito,El Mirador [Fraccionamiento],1
02005,020050460,Baja California,Playas de Rosarito,Las Gaviotas II,1
02006,020060001,Baja California,San Quintín,San Quintín,349
02006,020060003,Baja California,San Quintín,ABC (Los Canelos) [Empaque],1
02006,020060022,Baja California,San Quintín,Bahía de los Ángeles,50
02006,020060040,Baja California,San Quintín,Camalú,394
02006,020060068,Baja California,San Quintín,Cataviña,1
02006,020060080,Baja California,San Quintín,Colonia Concordia,2
02006,020060081,Baja California,San Quintín,Colonia Llamas,7
02006,020060082,Baja California,San Quintín,Colonia Lomas de San Ramón (Triquis),52
02006,020060085,Baja California,San Quintín,Colonia Nueva Era,64
02006,020060111,Baja California,San Quintín,Ejido Francisco Villa (San Simón),28
02006,020060112,Baja California,San Quintín,Ejido General Leandro Valle,2
02006,020060114,Baja California,San Quintín,Ejido José María Morelos,9
02006,020060116,Baja California,San Quintín,Ejido Lic. Luis Echeverría Álvarez (Chula Vista),50
02006,020060121,Baja California,San Quintín,Ejido Papalote,118
02006,020060122,Baja California,San Quintín,Ejido Profesor Graciano Sánchez,1
02006,020060124,Baja California,San Quintín,Ejido Rubén Jaramillo,1
02006,020060125,Baja California,San Quintín,Ejido San Simón de Arriba,5
02006,020060224,Baja California,San Quintín,El Rosario de Abajo,10
02006,020060225,Baja California,San Quintín,El Rosario de Arriba,89
02006,020060248,Baja California,San Quintín,Emiliano Zapata,219
02006,020060475,Baja California,San Quintín,La Mesa,1
02006,020060583,Baja California,San Quintín,Luis Rodríguez (El Vergel),14
02006,020060585,Baja California,San Quintín,Lázaro Cárdenas,865
02006,020060628,Baja California,San Quintín,Nuevo Centro de Población Padre Kino,3
02006,020060630,Baja California,San Quintín,Nuevo Uruapan,44
02006,020060721,Baja California,San Quintín,Rancho Jiménez,1
02006,020060819,Baja California,San Quintín,Santa Candelaria,4
02006,020060823,Baja California,San Quintín,Santa Fe,58
02006,020060832,Baja California,San Quintín,Santa María (Los Pinos),29
02006,020060861,Baja California,San Quintín,Venustiano Carranza (Santa María),21
02006,020060863,Baja California,San Quintín,Vicente Guerrero,702
03001,030010001,Baja California Sur,Comondú,Ciudad Constitución,2680
03001,030010003,Baja California Sur,Comondú,Puerto Adolfo López Mateos,135
03001,030010055,Baja California Sur,Comondú,Carambuche,7
03001,030010133,Baja California Sur,Comondú,Ciudad Insurgentes,390
03001,030010244,Baja California Sur,Comondú,La Purísima,22
03001,030010266,Baja California Sur,Comondú,Ramaditas,9
03001,030010280,Baja California Sur,Comondú,Puerto San Carlos,266
03001,030010291,Baja California Sur,Comondú,San Isidro,36
03001,030010293,Baja California Sur,Comondú,San José de Comondú,5
03001,030010319,Baja California Sur,Comondú,San Miguel de Comondú,14
03001,030010380,Baja California Sur,Comondú,Villa Morelos,3
03001,030010387,Baja California Sur,Comondú,Villa Ignacio Zaragoza,1
03001,030010662,Baja California Sur,Comondú,San Buto [Campo Pesquero],2
03001,030010751,Baja California Sur,Comondú,San Luis Gonzaga,9
03001,030012086,Baja California Sur,Comondú,San Juanico,1
03001,030012357,Baja California Sur,Comondú,Sinaloa Lote 12,1
03002,030020001,Baja California Sur,Mulegé,Santa Rosalía,741
03002,030020014,Baja California Sur,Mulegé,Bahía Asunción,6
03002,030020015,Baja California Sur,Mulegé,Bahía Tortugas,132
03002,030020033,Baja California Sur,Mulegé,El Caracol,1
03002,030020056,Baja California Sur,Mulegé,Estero de la Bocana,3
03002,030020066,Baja California Sur,Mulegé,Guerrero Negro,702
03002,030020067,Baja California Sur,Mulegé,Gustavo Díaz Ordaz,128
03002,030020076,Baja California Sur,Mulegé,Isla Natividad,1
03002,030020077,Baja California Sur,Mulegé,Isla San Marcos,3
03002,030020097,Baja California Sur,Mulegé,Heroica Mulegé,296
03002,030020116,Baja California Sur,Mulegé,Punta Abreojos,6
03002,030020140,Baja California Sur,Mulegé,San Bruno,1
03002,030020149,Baja California Sur,Mulegé,San Ignacio,44
03002,030020164,Baja California Sur,Mulegé,San Lino,6
03002,030020165,Baja California Sur,Mulegé,Ejido San Lucas,1
03002,030020232,Baja California Sur,Mulegé,Emiliano Zapata,1
03002,030020479,Baja California Sur,Mulegé,El Silencio,2
03002,030020482,Baja California Sur,Mulegé,Villa Alberto Andrés Alvarado Arámburo,452
03002,030020515,Baja California Sur,Mulegé,La Base,1
03002,030020967,Baja California Sur,Mulegé,El Cardón,3
03002,030021188,Baja California Sur,Mulegé,Unión y Progreso,3
03002,030021374,Baja California Sur,Mulegé,Ejido Luis Echeverría,17
03002,030021435,Baja California Sur,Mulegé,San Francisco,1
03002,030021496,Baja California Sur,Mulegé,San Luciano,1
03003,030030001,Baja California Sur,La Paz,La Paz,12165
03003,030030003,Baja California Sur,La Paz,Todos Santos,510
03003,030030092,Baja California Sur,La Paz,El Centenario,242
03003,030030108,Baja California Sur,La Paz,Chametla,187
03003,030030219,Baja California Sur,La Paz,Las Pocitas,1
03003,030030237,Baja California Sur,La Paz,El Rosario Uno,13
03003,030030277,Baja California Sur,La Paz,San Pedro,6
03003,030030336,Baja California Sur,La Paz,Agua Amarga,2
03003,030030341,Baja California Sur,La Paz,Agua de la Costa,1
03003,030030392,Baja California Sur,La Paz,Los Barriles,259
03003,030030402,Baja California Sur,La Paz,Boca del Álamo,2
03003,030030418,Baja California Sur,La Paz,Buenos Aires,7
03003,030030458,Baja California Sur,La Paz,El Carrizal,6
03003,030030684,Baja California Sur,La Paz,El Pescadero,163
03003,030030697,Baja California Sur,La Paz,San Juan de los Planes,1
03003,030030766,Baja California Sur,La Paz,San Antonio,32
03003,030030771,Baja California Sur,La Paz,San Bartolo,25
03003,030030778,Baja California Sur,La Paz,San Evaristo,1
03003,030030785,Baja California Sur,La Paz,San Isidro,1
03003,030030849,Baja California Sur,La Paz,Santa Rita,1
03003,030030898,Baja California Sur,La Paz,Las Tinas,2
03003,030030911,Baja California Sur,La Paz,El Triunfo,31
03003,030030920,Baja California Sur,La Paz,La Ventana,32
03003,030030963,Baja California Sur,La Paz,San Juan de la Costa,3
03003,030031020,Baja California Sur,La Paz,General Juan Domínguez Cota,4
03003,030031110,Baja California Sur,La Paz,Los Cuatro Vientos,1
03003,030031227,Baja California Sur,La Paz,San Pedro México,7
03003,030031394,Baja California Sur,La Paz,Los Algodones,2
03003,030031410,Baja California Sur,La Paz,La Buena Mujer,1
03003,030031424,Baja California Sur,La Paz,El Cardonal,19
03003,030031425,Baja California Sur,La Paz,Agroexportadora del Noroeste,7
03003,030031450,Baja California Sur,La Paz,El Comitán,1
03003,030031525,Baja California Sur,La Paz,La Palmilla,1
03003,030031630,Baja California Sur,La Paz,El Sargento,93
03003,030031784,Baja California Sur,La Paz,Los Cerritos,7
03003,030031944,Baja California Sur,La Paz,San Patricio,2
03003,030032032,Baja California Sur,La Paz,El Cachanilla,1
03003,030032211,Baja California Sur,La Paz,La Piedrita,1
03003,030032751,Baja California Sur,La Paz,Chayito [Mini Súper],2
03003,030032869,Baja California Sur,La Paz,González [Ultramarinos],2
03003,030032916,Baja California Sur,La Paz,Granjeros Guaycura,5
03008,030080001,Baja California Sur,Los Cabos,San José del Cabo,5704
03008,030080040,Baja California Sur,Los Cabos,Boca de la Sierra,3
03008,030080045,Baja California Sur,Los Cabos,Boca de la Vinorama,1
03008,030080048,Baja California Sur,Los Cabos,Buenavista,27
03008,030080053,Baja California Sur,Los Cabos,Cabo Pulmo,3
03008,030080054,Baja California Sur,Los Cabos,Cabo San Lucas,8167
03008,030080056,Baja California Sur,Los Cabos,Caduaño,13
03008,030080159,Baja California Sur,Los Cabos,Miraflores,65
03008,030080197,Baja California Sur,Los Cabos,Migriño,1
03008,030080217,Baja California Sur,Los Cabos,La Ribera,62
03008,030080280,Baja California Sur,Los Cabos,Santiago,3
03008,030080339,Baja California Sur,Los Cabos,El Chinal,1
03008,030080359,Baja California Sur,Los Cabos,El Rincón de San Pedro,1
03008,030080447,Baja California Sur,Los Cabos,San Ignacio,2
03008,030080456,Baja California Sur,Los Cabos,Santa Cruz,1
03008,030080521,Baja California Sur,Los Cabos,Los Mártires,1
03008,030080593,Baja California Sur,Los Cabos,El Campamento,1
03008,030080707,Baja California Sur,Los Cabos,El Refugio,1
03008,030080940,Baja California Sur,Los Cabos,Cuadra San Francisco,3
03008,030081037,Baja California Sur,Los Cabos,El Aguajito,1
03008,030081307,Baja California Sur,Los Cabos,El Toro Muerto,4
03008,030081313,Baja California Sur,Los Cabos,Rollin Hills [Hotel],1
03008,030081444,Baja California Sur,Los Cabos,El Taste de Santa Rosa,1
03009,030090001,Baja California Sur,Loreto,Loreto,933
03009,030090118,Baja California Sur,Loreto,Nopoló,39
03009,030090156,Baja California Sur,Loreto,Ensenada Blanca,11
03009,030090161,Baja California Sur,Loreto,Ligüí,10
03009,030090183,Baja California Sur,Loreto,Tripuí [Trailer Park],1
03009,030090197,Baja California Sur,Loreto,Juncalito,1
03009,030090322,Baja California Sur,Loreto,Ejido Loreto al Sur,15
04001,040010001,Campeche,Calkiní,Calkiní,1284
04001,040010004,Campeche,Calkiní,Bécal,764
04001,040010007,Campeche,Calkiní,Dzitbalché,3
04001,040010008,Campeche,Calkiní,Nunkiní,498
04001,040010010,Campeche,Calkiní,San Antonio Sahcabchén,1
04001,040010015,Campeche,Calkiní,Tepakán,3
04002,040020001,Campeche,Campeche,San Francisco de Campeche,13553
04002,040020068,Campeche,Campeche,Uayamón,1
04002,040020072,Campeche,Campeche,Bolonchén Cahuich,1
04002,040020073,Campeche,Campeche,Castamay,1
04002,040020077,Campeche,Campeche,Chiná,335
04002,040020086,Campeche,Campeche,Imí,14
04002,040020087,Campeche,Campeche,Lerma,463
04002,040020090,Campeche,Campeche,Nilchí,1
04002,040020096,Campeche,Campeche,Pich,3
04002,040020097,Campeche,Campeche,Pocyaxum,1
04002,040020105,Campeche,Campeche,Tixmucuy,2
04002,040020110,Campeche,Campeche,Alfredo V. Bonfil,5
04002,040020118,Campeche,Campeche,Pueblo Nuevo,3
04002,040020172,Campeche,Campeche,Melchor Ocampo,1
04002,040020263,Campeche,Campeche,Quetzal Edzná,1
04002,040020312,Campeche,Campeche,Kikab,1
04002,040020465,Campeche,Campeche,Los Laureles,17
04003,040030001,Campeche,Carmen,Ciudad del Carmen,9835
04003,040030005,Campeche,Carmen,Nuevo Progreso,340
04003,040030006,Campeche,Carmen,Atasta,144
04003,040030101,Campeche,Carmen,San Antonio Cárdenas,247
04003,040030118,Campeche,Carmen,Nuevo Campechito,1
04003,040030199,Campeche,Carmen,Isla Aguada,452
04003,040030614,Campeche,Carmen,Sabancuy,477
04003,040033217,Campeche,Carmen,El Aguacatal,2
04003,040033300,Campeche,Carmen,El Encanto,1
04003,040033333,Campeche,Carmen,Mamantel (Pancho Villa),2
04003,040033395,Campeche,Carmen,Licenciado Gustavo Díaz Ordaz (18 de Marzo),1
04004,040040001,Campeche,Champotón,Champotón,2355
04004,040040004,Campeche,Champotón,Arellano,1
04004,040040014,Campeche,Champotón,Hool,3
04004,040040016,Campeche,Champotón,La Joya,74
04004,040040024,Campeche,Champotón,San Pablo Pixtún,1
04004,040040036,Campeche,Champotón,Sihochac,162
04004,040040044,Campeche,Champotón,Villa de Guadalupe,1
04004,040040047,Campeche,Champotón,Xbacab,1
04004,040040063,Campeche,Champotón,San José Carpizo Dos,2
04004,040040091,Campeche,Champotón,Ley Federal de Reforma Agraria,142
04004,040040432,Campeche,Champotón,Carrillo Puerto,177
04004,040040442,Campeche,Champotón,Cinco de Febrero,2
04004,040040564,Campeche,Champotón,Santo Domingo Kesté,206
04004,040041603,Campeche,Champotón,Miguel Colorado,2
04005,040050001,Campeche,Hecelchakán,Hecelchakán,672
04005,040050002,Campeche,Hecelchakán,Cumpich,1
04005,040050005,Campeche,Hecelchakán,Nohalal,3
04005,040050007,Campeche,Hecelchakán,Pomuch,442
04005,040050045,Campeche,Hecelchakán,Yalnón [Campo Menonita],1
04007,040070001,Campeche,Palizada,Palizada,385
04007,040070321,Campeche,Palizada,Los Laureles,1
04007,040070346,Campeche,Palizada,Orgánicos del Trópico (Pancho Villa),1
04007,040070828,Campeche,Palizada,Crucero Santa Adelaida,1
04008,040080001,Campeche,Tenabo,Tenabo,570
04008,040080005,Campeche,Tenabo,Tinún,1
04008,040080139,Campeche,Tenabo,Chaví Número Seis [Campo Menonita],1
04012,040120001,Campeche,Seybaplaya,Seybaplaya,590
04012,040120055,Campeche,Seybaplaya,Villa Madero,231
04012,040120056,Campeche,Seybaplaya,Xkeulil,2
14020,140200001,Jalisco,Cabo Corrientes,El Tuito,282
14020,140200007,Jalisco,Cabo Corrientes,Las Ánimas de Quimixto,16
14020,140200020,Jalisco,Cabo Corrientes,Chacala,15
14020,140200021,Jalisco,Cabo Corrientes,Chimo,13
14020,140200035,Jalisco,Cabo Corrientes,Ixtlahuahuey,12
14020,140200037,Jalisco,Cabo Corrientes,Las Juntas y los Veranos,44
14020,140200057,Jalisco,Cabo Corrientes,Pizota,3
14020,140200062,Jalisco,Cabo Corrientes,Quimixto,20
14020,140200064,Jalisco,Cabo Corrientes,El Refugio Suchitlán (La Congregación),18
14020,140200066,Jalisco,Cabo Corrientes,La Sauceda,11
14020,140200070,Jalisco,Cabo Corrientes,Yelapa,66
14020,140200073,Jalisco,Cabo Corrientes,La Puerta,2
14020,140200074,Jalisco,Cabo Corrientes,Pedro Moreno,4
14020,140200082,Jalisco,Cabo Corrientes,Los Corrales,10
14020,140200116,Jalisco,Cabo Corrientes,El Agüilote (Las Parejas),1
14020,140200117,Jalisco,Cabo Corrientes,Mascotita,8
14020,140200127,Jalisco,Cabo Corrientes,Emiliano Zapata,1
14022,140220001,Jalisco,Cihuatlán,Cihuatlán,1242
14022,140220002,Jalisco,Cihuatlán,El Aguacate,62
14022,140220006,Jalisco,Cihuatlán,Barra de Navidad,451
14022,140220009,Jalisco,Cihuatlán,Emiliano Zapata (El Ranchito),102
14022,140220016,Jalisco,Cihuatlán,Jaluco,175
14022,140220030,Jalisco,Cihuatlán,El Rebalse,11
14022,140220033,Jalisco,Cihuatlán,San Patricio (Melaque),824
14022,140220047,Jalisco,Cihuatlán,Cuastecomate,14
14022,140220069,Jalisco,Cihuatlán,La Calera,3
14022,140220102,Jalisco,Cihuatlán,San Ignacio de Loyola (Colonia San Ignacio),9
14022,140220103,Jalisco,Cihuatlán,Colonia el Herradero (Camino al Almolón),2
14022,140220109,Jalisco,Cihuatlán,Colonia Pinal Villa,9
14022,140220147,Jalisco,Cihuatlán,Santa Fe,2
14022,140220151,Jalisco,Cihuatlán,Brisas de la Navidad (El Gallo Colorado),21
14043,140430001,Jalisco,La Huerta,La Huerta,600
14043,140430004,Jalisco,La Huerta,Agua Caliente Vieja de Apazulco,12
14043,140430012,Jalisco,La Huerta,Arroyo Seco,11
14043,140430015,Jalisco,La Huerta,Boca de Iguanas,6
14043,140430022,Jalisco,La Huerta,Cofradía,1
14043,140430033,Jalisco,La Huerta,Chamela,6
14043,140430036,Jalisco,La Huerta,Emiliano Zapata,105
14043,140430039,Jalisco,La Huerta,Ejido la Fortuna,21
14043,140430041,Jalisco,La Huerta,Francisco Villa,41
14043,140430062,Jalisco,La Huerta,La Manzanilla,160
14043,140430068,Jalisco,La Huerta,Apazulco (Miguel Hidalgo Viejo),1
14043,140430091,Jalisco,La Huerta,Quémaro,3
14043,140430092,Jalisco,La Huerta,El Rebalsito de Apazulco,34
14043,140430095,Jalisco,La Huerta,La Rosa,10
14043,140430099,Jalisco,La Huerta,San Mateo,48
14043,140430123,Jalisco,La Huerta,Juan Gil Preciado,18
14043,140430125,Jalisco,La Huerta,Los Ranchitos,6
14043,140430137,Jalisco,La Huerta,Pueblo Careyes,8
14043,140430139,Jalisco,La Huerta,Nuevo Miguel Hidalgo,2
14043,140430140,Jalisco,La Huerta,Agua Caliente Nueva,44
14043,140430146,Jalisco,La Huerta,Pérula,108
14043,140430249,Jalisco,La Huerta,Kilómetro Setenta y Cinco,1
14043,140430363,Jalisco,La Huerta,Colonia Cardenista,1
14058,140580001,Jalisco,Mascota,Mascota,874
14058,140580138,Jalisco,Mascota,Puerta de Enmedio,1
14058,140580163,Jalisco,Mascota,San Pedro,1
14058,140580264,Jalisco,Mascota,El Crucero de San Pedro (Los Lobos),2
14067,140670001,Jalisco,Puerto Vallarta,Puerto Vallarta,14109
14067,140670007,Jalisco,Puerto Vallarta,Boca de Tomates,9
14067,140670008,Jalisco,Puerto Vallarta,Mismaloya,70
14067,140670009,Jalisco,Puerto Vallarta,Boca de Tomatlán,57
14067,140670011,Jalisco,Puerto Vallarta,El Cantón,15
14067,140670014,Jalisco,Puerto Vallarta,El Colorado,1
14067,140670024,Jalisco,Puerto Vallarta,El Guayabo,1
14067,140670027,Jalisco,Puerto Vallarta,El Hundido,1
14067,140670028,Jalisco,Puerto Vallarta,Ixtapa,1229
14067,140670030,Jalisco,Puerto Vallarta,El Jorullo,3
14067,140670031,Jalisco,Puerto Vallarta,Las Juntas,650
14067,140670038,Jalisco,Puerto Vallarta,Las Palmas de Arriba,210
14067,140670043,Jalisco,Puerto Vallarta,Playa Grande (San Pedro),20
14067,140670044,Jalisco,Puerto Vallarta,El Ranchito (El Colesio),1
14067,140670049,Jalisco,Puerto Vallarta,San Nicolás,2
14067,140670057,Jalisco,Puerto Vallarta,El Zancudo,21
14067,140670066,Jalisco,Puerto Vallarta,La Desembocada,45
14067,140670078,Jalisco,Puerto Vallarta,Los Llanitos,7
14067,140670085,Jalisco,Puerto Vallarta,La Punta Negra,3
14067,140670086,Jalisco,Puerto Vallarta,El Nogalito,8
14067,140670103,Jalisco,Puerto Vallarta,Vallejo,2
14067,140670109,Jalisco,Puerto Vallarta,Colonia Paso del Guayabo,9
14067,140670128,Jalisco,Puerto Vallarta,La Arenita,4
14067,140670157,Jalisco,Puerto Vallarta,León de la Sierra,3
14067,140670173,Jalisco,Puerto Vallarta,Rancho Nácar,4
14067,140670178,Jalisco,Puerto Vallarta,Colonia los Robles,4
14067,140670180,Jalisco,Puerto Vallarta,San Pedro,1
14067,140670194,Jalisco,Puerto Vallarta,Ladrilleras (Camino al Basurero),1
14067,140670195,Jalisco,Puerto Vallarta,El Paso Real (La Limonera),1
14067,140670205,Jalisco,Puerto Vallarta,Coto San Xoaquín,1
14067,140670235,Jalisco,Puerto Vallarta,Getsemaní,8
14067,140670242,Jalisco,Puerto Vallarta,Verde Valle,3
14067,140670244,Jalisco,Puerto Vallarta,Colinas del Valle,9
14067,140670245,Jalisco,Puerto Vallarta,Bella Vista,1
14067,140670247,Jalisco,Puerto Vallarta,Los Ángeles,13
14067,140670248,Jalisco,Puerto Vallarta,Playa Gemelas,6
14067,140670251,Jalisco,Puerto Vallarta,Sierra del Mar,4
14067,140670252,Jalisco,Puerto Vallarta,El Aguacate,14
14067,140670257,Jalisco,Puerto Vallarta,Ojo de Agua,7
14067,140670268,Jalisco,Puerto Vallarta,Ecoterra Paraíso,11
14084,140840001,Jalisco,Talpa de Allende,Talpa de Allende,1032
14100,141000001,Jalisco,Tomatlán,Tomatlán,767
14100,141000023,Jalisco,Tomatlán,Campo Acosta,148
14100,141000034,Jalisco,Tomatlán,La Cruz de Loreto,101
14100,141000039,Jalisco,Tomatlán,La Cumbre,2
14100,141000065,Jalisco,Tomatlán,José María Morelos,191
14100,141000075,Jalisco,Tomatlán,Llano Grande,1
14100,141000115,Jalisco,Tomatlán,El Portezuelo,12
14100,141000159,Jalisco,Tomatlán,Tequesquite,1
14100,141000189,Jalisco,Tomatlán,José María Pino Suárez (Nuevo Nahuapa),274
18001,180010001,Nayarit,Acaponeta,Acaponeta,1662
18001,180010090,Nayarit,Acaponeta,San Dieguito de Arriba,1
18001,180010093,Nayarit,Acaponeta,San José de Gracia,1
18001,180010098,Nayarit,Acaponeta,Sayulilla,1
18001,180010209,Nayarit,Acaponeta,Crucero de Acaponeta,7
18001,180010226,Nayarit,Acaponeta,Los Sandovales,3
18004,180040001,Nayarit,Compostela,Compostela,1738
18004,180040016,Nayarit,Compostela,Altavista,17
18004,180040020,Nayarit,Compostela,Los Ayala,188
18004,180040023,Nayarit,Compostela,Bella Unión,6
18004,180040036,Nayarit,Compostela,Cándido Salazar,14
18004,180040038,Nayarit,Compostela,Nuevo Ixtlán (Las Cañadas),17
18004,180040039,Nayarit,Compostela,El Capomo,62
18004,180040040,Nayarit,Compostela,Felipe Carrillo Puerto,4
18004,180040060,Nayarit,Compostela,Coastecomatillo,14
18004,180040061,Nayarit,Compostela,La Cuata,20
18004,180040065,Nayarit,Compostela,Chacala,93
18004,180040069,Nayarit,Compostela,Chulavista,17
18004,180040071,Nayarit,Compostela,El Divisadero,6
18004,180040083,Nayarit,Compostela,Ixtapa de la Concepción,108
18004,180040089,Nayarit,Compostela,Juan Escutia (Borbollón),1
18004,180040093,Nayarit,Compostela,Lima de Abajo,45
18004,180040099,Nayarit,Compostela,Mamey Grande de Arriba,8
18004,180040112,Nayarit,Compostela,Monteón,93
18004,180040119,Nayarit,Compostela,Otates y Cantarranas,57
18004,180040125,Nayarit,Compostela,Paso de las Palmas,23
18004,180040126,Nayarit,Compostela,Mesillas,20
18004,180040128,Nayarit,Compostela,La Peñita de Jaltemba,899
18004,180040132,Nayarit,Compostela,Las Piedras,26
18004,180040137,Nayarit,Compostela,Platanitos,27
18004,180040141,Nayarit,Compostela,La Puerta de la Lima,53
18004,180040154,Nayarit,Compostela,Rincón de Guayabitos,636
18004,180040167,Nayarit,Compostela,Santa María de Jaltemba,2
18004,180040183,Nayarit,Compostela,El Tonino,10
18004,180040184,Nayarit,Compostela,Úrsulo Galván,48
18004,180040186,Nayarit,Compostela,Las Varas,1251
18004,180040189,Nayarit,Compostela,Villa Morelos,31
18004,180040191,Nayarit,Compostela,Zacualpan,414
18004,180040241,Nayarit,Compostela,Crucero de Juan Sánchez,1
18004,180040260,Nayarit,Compostela,La Joya,13
18004,180040315,Nayarit,Compostela,Buenavista,6
18004,180040322,Nayarit,Compostela,Paraíso Escondido [Colonia],169
18004,180040325,Nayarit,Compostela,San Isidro,37
18004,180040338,Nayarit,Compostela,El Caimanero,1
18004,180040340,Nayarit,Compostela,Las Calabazas,1
18004,180040420,Nayarit,Compostela,El Tamarindo,8
18004,180040435,Nayarit,Compostela,El Salitre,1
18004,180040496,Nayarit,Compostela,La Esperanza,3
18004,180040545,Nayarit,Compostela,La Curva,5
18004,180040572,Nayarit,Compostela,Reserva Natural del Palmar (El Suspiro) [Colonia],7
18004,180040594,Nayarit,Compostela,Las Palmas,3
18004,180040626,Nayarit,Compostela,Chacalilla,1
18004,180040637,Nayarit,Compostela,Nuevo Amanecer,1
18004,180040712,Nayarit,Compostela,Las Palmas,1
18004,180040739,Nayarit,Compostela,Mi Cafetal,1
18008,180080001,Nayarit,Xalisco,Xalisco,2469
18008,180080015,Nayarit,Xalisco,Pantanal,189
18008,180080021,Nayarit,Xalisco,Testerazo,111
18008,180080128,Nayarit,Xalisco,El Verde,4
18008,180080129,Nayarit,Xalisco,Crucero de Camichín,5
18008,180080161,Nayarit,Xalisco,Valles del Nayar,1
18010,180100001,Nayarit,Rosamorada,Rosamorada,365
18010,180100006,Nayarit,Rosamorada,La Boquita,1
18010,180100010,Nayarit,Rosamorada,Chilapa,1
18010,180100015,Nayarit,Rosamorada,Los Medina,2
18010,180100016,Nayarit,Rosamorada,El Mil,1
18010,180100025,Nayarit,Rosamorada,Pimientillo,1
18010,180100032,Nayarit,Rosamorada,San Juan Corapan,1
18010,180100035,Nayarit,Rosamorada,San Vicente,345
18010,180100036,Nayarit,Rosamorada,El Tamarindo,2
18010,180100039,Nayarit,Rosamorada,Vicente Guerrero (El Mogote),1
18010,180100070,Nayarit,Rosamorada,Crucero a Mexcaltitán (La Siesta),2
18012,180120001,Nayarit,San Blas,San Blas,995
18012,180120003,Nayarit,San Blas,Aticama,158
18012,180120005,Nayarit,San Blas,La Bajada,38
18012,180120006,Nayarit,San Blas,Boca del Asadero,1
18012,180120010,Nayarit,San Blas,José María Mercado,14
18012,180120011,Nayarit,San Blas,El Cora,19
18012,180120016,Nayarit,San Blas,La Chiripa,32
18012,180120017,Nayarit,San Blas,El Espino,6
18012,180120019,Nayarit,San Blas,Guadalupe Victoria,263
18012,180120024,Nayarit,San Blas,Las Islitas,34
18012,180120025,Nayarit,San Blas,Jalcocotán,292
18012,180120026,Nayarit,San Blas,Jolotemba,22
18012,180120029,Nayarit,San Blas,El Llano,81
18012,180120031,Nayarit,San Blas,Matanchén (La Aguada),33
18012,180120032,Nayarit,San Blas,Mecatán,180
18012,180120033,Nayarit,San Blas,Navarrete,2
18012,180120035,Nayarit,San Blas,La Palma,89
18012,180120039,Nayarit,San Blas,Playa de los Cocos,19
18012,180120043,Nayarit,San Blas,Santa Cruz de Miramar,139
18012,180120044,Nayarit,San Blas,Singaita,7
18012,180120045,Nayarit,San Blas,Tecuitata,29
18012,180120059,Nayarit,San Blas,La Manzanilla,5
18012,180120073,Nayarit,San Blas,Bahía de Matanchén,24
18012,180120134,Nayarit,San Blas,Crucero a los Cocos,4
18012,180120184,Nayarit,San Blas,El Cuatro,1
18012,180120215,Nayarit,San Blas,La Reata,1
18012,180120224,Nayarit,San Blas,Crucero del Llano,3
18012,180120245,Nayarit,San Blas,Chanón [Empacadora],5
18015,180150001,Nayarit,Santiago Ixcuintla,Santiago Ixcuintla,2105
18015,180150005,Nayarit,Santiago Ixcuintla,Loma Bonita,1
18015,180150007,Nayarit,Santiago Ixcuintla,Boca de Camichín,76
18015,180150009,Nayarit,Santiago Ixcuintla,Campo de los Limones,46
18015,180150011,Nayarit,Santiago Ixcuintla,Cañada del Tabaco,109
18015,180150013,Nayarit,Santiago Ixcuintla,El Capomal,3
18015,180150019,Nayarit,Santiago Ixcuintla,Colonia Emiliano Zapata,1
18015,180150021,Nayarit,Santiago Ixcuintla,Los Corchos,58
18015,180150029,Nayarit,Santiago Ixcuintla,Gavilán Grande,4
18015,180150032,Nayarit,Santiago Ixcuintla,Pozo de Ibarra,305
18015,180150037,Nayarit,Santiago Ixcuintla,Mayorquín,2
18015,180150038,Nayarit,Santiago Ixcuintla,Mexcaltitán de Uribe,15
18015,180150041,Nayarit,Santiago Ixcuintla,Estación Nanchi (Peñasquillo),2
18015,180150044,Nayarit,Santiago Ixcuintla,Los Otates,71
18015,180150046,Nayarit,Santiago Ixcuintla,Pantano Grande,2
18015,180150051,Nayarit,Santiago Ixcuintla,Pozo de Villa,1
18015,180150052,Nayarit,Santiago Ixcuintla,La Presa,321
18015,180150053,Nayarit,Santiago Ixcuintla,Pueblo Nuevo,26
18015,180150056,Nayarit,Santiago Ixcuintla,Puerta de Mangos,125
18015,180150062,Nayarit,Santiago Ixcuintla,San Andrés,1
18015,180150066,Nayarit,Santiago Ixcuintla,Santa Cruz,5
18015,180150067,Nayarit,Santiago Ixcuintla,Santa Rosa,12
18015,180150068,Nayarit,Santiago Ixcuintla,Sauta,1
18015,180150069,Nayarit,Santiago Ixcuintla,Sentispac,182
18015,180150074,Nayarit,Santiago Ixcuintla,Toro Mocho,12
18015,180150078,Nayarit,Santiago Ixcuintla,Valle Lerma,1
18015,180150080,Nayarit,Santiago Ixcuintla,Villa Hidalgo,914
18015,180150081,Nayarit,Santiago Ixcuintla,Villa Juárez,174
18015,180150082,Nayarit,Santiago Ixcuintla,Yago,287
18015,180150083,Nayarit,Santiago Ixcuintla,Playa el Sesteo,26
18016,180160001,Nayarit,Tecuala,Tecuala,1472
18016,180160002,Nayarit,Tecuala,Agua Verde (El Salto),1
18016,180160005,Nayarit,Tecuala,Arenitas,1
18016,180160031,Nayarit,Tecuala,Novillero,65
18016,180160038,Nayarit,Tecuala,Playa Novillero,5
18016,180160041,Nayarit,Tecuala,Quimichis,167
18016,180160046,Nayarit,Tecuala,San Cayetano,1
18016,180160047,Nayarit,Tecuala,San Felipe Aztatán,288
18018,180180001,Nayarit,Tuxpan,Tuxpan,1888
18018,180180004,Nayarit,Tuxpan,Coamiles,146
18018,180180012,Nayarit,Tuxpan,Palma Grande,149
18018,180180013,Nayarit,Tuxpan,Peñas,4
18020,180200001,Nayarit,Bahía de Banderas,Valle de Banderas,407
18020,180200004,Nayarit,Bahía de Banderas,Aguamilpa,2
18020,180200013,Nayarit,Bahía de Banderas,Bucerías,1393
18020,180200024,Nayarit,Bahía de Banderas,Flamingos,121
18020,180200026,Nayarit,Bahía de Banderas,El Colomo,3
18020,180200027,Nayarit,Bahía de Banderas,Cruz de Huanacaxtle,379
18020,180200037,Nayarit,Bahía de Banderas,El Guamúchil,20
18020,180200040,Nayarit,Bahía de Banderas,La Compuerta,1
18020,180200041,Nayarit,Bahía de Banderas,Higuera Blanca,84
18020,180200043,Nayarit,Bahía de Banderas,Las Jarretaderas,352
18020,180200046,Nayarit,Bahía de Banderas,Lo de Marcos,218
18020,180200047,Nayarit,Bahía de Banderas,Las Lomas,7
18020,180200049,Nayarit,Bahía de Banderas,San Clemente de Lima,167
18020,180200053,Nayarit,Bahía de Banderas,Mezcales,1319
18020,180200054,Nayarit,Bahía de Banderas,Mezcalitos,42
18020,180200059,Nayarit,Bahía de Banderas,Nuevo Vallarta,320
18020,180200066,Nayarit,Bahía de Banderas,Pátzcuaro,2
18020,180200069,Nayarit,Bahía de Banderas,El Porvenir,317
18020,180200081,Nayarit,Bahía de Banderas,San Francisco,224
18020,180200082,Nayarit,Bahía de Banderas,San Ignacio,40
18020,180200083,Nayarit,Bahía de Banderas,San José del Valle,1111
18020,180200084,Nayarit,Bahía de Banderas,San Juan de Abajo,602
18020,180200087,Nayarit,Bahía de Banderas,San Quintín,6
18020,180200088,Nayarit,Bahía de Banderas,San Vicente,1141
18020,180200090,Nayarit,Bahía de Banderas,Santa Rosa Tapachula,2
18020,180200091,Nayarit,Bahía de Banderas,Los Sauces,1
18020,180200092,Nayarit,Bahía de Banderas,Sayulita,607
18020,180200098,Nayarit,Bahía de Banderas,Tondoroque,81
18020,180200103,Nayarit,Bahía de Banderas,Punta Negra (Careyeros),2
18020,180200106,Nayarit,Bahía de Banderas,Corral del Risco (Punta de Mita),257
18020,180200118,Nayarit,Bahía de Banderas,Litibú,3
18020,180200217,Nayarit,Bahía de Banderas,Emilio M. González [Colonia],5
18020,180200236,Nayarit,Bahía de Banderas,Desarrollo Punta Mita,3
18020,180200270,Nayarit,Bahía de Banderas,Palmarito,4
18020,180200276,Nayarit,Bahía de Banderas,El Texcalame,1
18020,180200283,Nayarit,Bahía de Banderas,Rancho Dora,1
18020,180200353,Nayarit,Bahía de Banderas,Colonia de Dios,1
18020,180200382,Nayarit,Bahía de Banderas,Los Reyes,2
18020,180200459,Nayarit,Bahía de Banderas,Las Parotas [Colonia],5
18020,180200460,Nayarit,Bahía de Banderas,Magisterio [Colonia],1
18020,180200463,Nayarit,Bahía de Banderas,Toscano [Colonia],2
18020,180200524,Nayarit,Bahía de Banderas,Real Campestre,4
18020,180200592,Nayarit,Bahía de Banderas,La Compuerta Número 2,2
18020,180200595,Nayarit,Bahía de Banderas,Haixa (Litibú),2
23001,230010001,Quintana Roo,Cozumel,Cozumel,4968
23001,230010067,Quintana Roo,Cozumel,El Cedral,12
23001,230010165,Quintana Roo,Cozumel,Buenavista,7
23001,230010426,Quintana Roo,Cozumel,La Estrella,1
23001,230010498,Quintana Roo,Cozumel,Palmar Primero,3
23001,230010858,Quintana Roo,Cozumel,San Fernando,6
23001,230010891,Quintana Roo,Cozumel,Ranchitos,12
23001,230010932,Quintana Roo,Cozumel,Las Fincas,20
23001,230010999,Quintana Roo,Cozumel,La Esperanza,1
23002,230020001,Quintana Roo,Felipe Carrillo Puerto,Felipe Carrillo Puerto,1739
23002,230020044,Quintana Roo,Felipe Carrillo Puerto,Chunhuhub,187
23002,230020108,Quintana Roo,Felipe Carrillo Puerto,Noh-Bec,1
23002,230020239,Quintana Roo,Felipe Carrillo Puerto,Señor,146
23002,230020248,Quintana Roo,Felipe Carrillo Puerto,Tepich,69
23002,230020250,Quintana Roo,Felipe Carrillo Puerto,Tihosuco,179
23002,230020456,Quintana Roo,Felipe Carrillo Puerto,Punta Herrero,1
23003,230030001,Quintana Roo,Isla Mujeres,Isla Mujeres,1105
23003,230030092,Quintana Roo,Isla Mujeres,Punta Sam,15
23003,230030286,Quintana Roo,Isla Mujeres,Zona Urbana Ejido Isla Mujeres,199
23003,230030421,Quintana Roo,Isla Mujeres,Escénica,3
23003,230030435,Quintana Roo,Isla Mujeres,El Dorado,1
23003,230030470,Quintana Roo,Isla Mujeres,San Germán,1
23003,230030476,Quintana Roo,Isla Mujeres,La Amada [Residencial],3
23003,230030500,Quintana Roo,Isla Mujeres,Minas de Rancho Viejo,1
23004,230040001,Quintana Roo,Othón P. Blanco,Chetumal,8400
23004,230040016,Quintana Roo,Othón P. Blanco,Calderitas,194
23004,230040037,Quintana Roo,Othón P. Blanco,Huay-Pix,3
23004,230040053,Quintana Roo,Othón P. Blanco,Mahahual,385
23004,230040064,Quintana Roo,Othón P. Blanco,Nicolás Bravo,260
23004,230040098,Quintana Roo,Othón P. Blanco,Subteniente López,6
23004,230040104,Quintana Roo,Othón P. Blanco,Ucum,8
23004,230040106,Quintana Roo,Othón P. Blanco,La Unión,1
23004,230040111,Quintana Roo,Othón P. Blanco,Xcalak,39
23004,230040114,Quintana Roo,Othón P. Blanco,Xul-Ha,3
23004,230040123,Quintana Roo,Othón P. Blanco,Javier Rojo Gómez,195
23004,230040124,Quintana Roo,Othón P. Blanco,Álvaro Obregón,95
23004,230040136,Quintana Roo,Othón P. Blanco,Carlos A. Madrazo,2
23004,230040184,Quintana Roo,Othón P. Blanco,Pucté,1
23004,230040201,Quintana Roo,Othón P. Blanco,Sergio Butrón Casas,67
23004,230040840,Quintana Roo,Othón P. Blanco,Parque Industrial,17
23004,230041627,Quintana Roo,Othón P. Blanco,El Porvenir,1
23004,230041729,Quintana Roo,Othón P. Blanco,San Cristobal Uno,1
23004,230042198,Quintana Roo,Othón P. Blanco,El Makulí,1
23004,230042428,Quintana Roo,Othón P. Blanco,El Placer,1
23004,230042549,Quintana Roo,Othón P. Blanco,Akal-Ki [Centro Holístico],1
23004,230042867,Quintana Roo,Othón P. Blanco,Alcaldía Mahahual [Kilómetro Cincuenta y Cuatro],8
23005,230050001,Quintana Roo,Benito Juárez,Cancún,28150
23005,230050002,Quintana Roo,Benito Juárez,Alfredo V. Bonfil,961
23005,230050202,Quintana Roo,Benito Juárez,Las Arboledas,1
23005,230050237,Quintana Roo,Benito Juárez,Bosques del Caribe,1
23005,230050531,Quintana Roo,Benito Juárez,Lagos del Sol,19
23005,230051140,Quintana Roo,Benito Juárez,Colonia Chiapaneca Siglo XXI,13
23005,230051156,Quintana Roo,Benito Juárez,El Porvenir,22
23005,230051415,Quintana Roo,Benito Juárez,Cancún Country Club,3
23005,230051482,Quintana Roo,Benito Juárez,Península Resort,2
23007,230070001,Quintana Roo,Lázaro Cárdenas,Kantunilkín,469
23007,230070008,Quintana Roo,Lázaro Cárdenas,Chiquilá,5
23007,230070012,Quintana Roo,Lázaro Cárdenas,Holbox,365
23007,230070018,Quintana Roo,Lázaro Cárdenas,Nuevo Xcán,2
23007,230070038,Quintana Roo,Lázaro Cárdenas,Solferino,51
23007,230070039,Quintana Roo,Lázaro Cárdenas,El Tintal,1
23007,230070041,Quintana Roo,Lázaro Cárdenas,Nuevo Valladolid,1
23008,230080001,Quintana Roo,Solidaridad,Playa del Carmen,10019
23008,230080179,Quintana Roo,Solidaridad,Paa Mul,1
23008,230080232,Quintana Roo,Solidaridad,El Ranchito,10
23008,230080241,Quintana Roo,Solidaridad,San Antonio,2
23008,230080265,Quintana Roo,Solidaridad,San José,14
23008,230080285,Quintana Roo,Solidaridad,Grand Palladium,23
23008,230080308,Quintana Roo,Solidaridad,Puerto Aventuras,499
23008,230080314,Quintana Roo,Solidaridad,Tigre Grande,2
23008,230080483,Quintana Roo,Solidaridad,San Martín,1
23008,230080555,Quintana Roo,Solidaridad,San Ángel,1
23008,230080572,Quintana Roo,Solidaridad,El Sauce,3
23008,230080640,Quintana Roo,Solidaridad,Vida y Esperanza,4
23008,230080642,Quintana Roo,Solidaridad,Santa Teresita,1
23008,230080818,Quintana Roo,Solidaridad,Playa Paraíso,2
23008,230080829,Quintana Roo,Solidaridad,Nuevo Noh-Bec,45
23008,230080835,Quintana Roo,Solidaridad,Grand Sirenis,11
23008,230080920,Quintana Roo,Solidaridad,El Pitayo,2
23008,230080927,Quintana Roo,Solidaridad,Jacinto Canek (Campesinos Unidos),1
23009,230090001,Quintana Roo,Tulum,Tulum,1950
23009,230090005,Quintana Roo,Tulum,Akumal,159
23009,230090016,Quintana Roo,Tulum,Aventuras Akumal,4
23009,230090018,Quintana Roo,Tulum,Gran Bahía Príncipe,33
23009,230090053,Quintana Roo,Tulum,Chan Chemuyil,1
23009,230090055,Quintana Roo,Tulum,Ciudad Chemuyil,50
23009,230090057,Quintana Roo,Tulum,Cobá,121
23009,230090076,Quintana Roo,Tulum,Dos Palmas,1
23009,230090104,Quintana Roo,Tulum,Jacinto Pat,5
23009,230090106,Quintana Roo,Tulum,Javier Rojo Gómez (Punta Allen),24
23009,230090122,Quintana Roo,Tulum,Kirabo,3
23009,230090133,Quintana Roo,Tulum,Macario Gómez,3
23009,230090136,Quintana Roo,Tulum,Manuel Antonio Ay,1
23009,230090240,Quintana Roo,Tulum,Tankah Tres,1
23009,230090353,Quintana Roo,Tulum,Cenote Calavera,1
23010,230100001,Quintana Roo,Bacalar,Bacalar,911
23010,230100011,Quintana Roo,Bacalar,Andrés Quintana Roo,1
23010,230100177,Quintana Roo,Bacalar,Limones,101
23010,230100423,Quintana Roo,Bacalar,Antorcha Bacalar,1
23011,230110001,Quintana Roo,Puerto Morelos,Puerto Morelos,859
23011,230110033,Quintana Roo,Puerto Morelos,Central Vallarta,3
23011,230110187,Quintana Roo,Puerto Morelos,Las Sábilas [Rancho],1
23011,230110193,Quintana Roo,Puerto Morelos,Leona Vicario,288
23011,230110338,Quintana Roo,Puerto Morelos,Punta Brava,1
23011,230110540,Quintana Roo,Puerto Morelos,Aldea Kin,1
25001,250010001,Sinaloa,Ahome,Los Mochis,16599
25001,250010067,Sinaloa,Ahome,El Aguajito,2
25001,250010070,Sinaloa,Ahome,Ahome,733
25001,250010072,Sinaloa,Ahome,Los Algodones,1
25001,250010082,Sinaloa,Ahome,Bachomobampo Número Uno,3
25001,250010083,Sinaloa,Ahome,Bagojo Colectivo,210
25001,250010088,Sinaloa,Ahome,Ejido Benito Juárez,58
25001,250010090,Sinaloa,Ahome,San Isidro,1
25001,250010095,Sinaloa,Ahome,El Bule,1
25001,250010115,Sinaloa,Ahome,Cerrillos (Campo 35),101
25001,250010118,Sinaloa,Ahome,Cohuibampo,85
25001,250010119,Sinaloa,Ahome,El Colorado,87
25001,250010120,Sinaloa,Ahome,Compuertas,159
25001,250010122,Sinaloa,Ahome,Ejido Cuchilla de Cachoana,2
25001,250010126,Sinaloa,Ahome,Chihuahuita,76
25001,250010128,Sinaloa,Ahome,La Despensa,6
25001,250010129,Sinaloa,Ahome,Dieciocho de Marzo,27
25001,250010131,Sinaloa,Ahome,Dolores Hidalgo,1
25001,250010132,Sinaloa,Ahome,Emigdio Ruiz,3
25001,250010136,Sinaloa,Ahome,El Estero (Juan José Ríos),107
25001,250010138,Sinaloa,Ahome,Felipe Ángeles,2
25001,250010139,Sinaloa,Ahome,Flor Azul,2
25001,250010142,Sinaloa,Ahome,Gabriel Leyva Solano (Zapotillo Dos),4
25001,250010143,Sinaloa,Ahome,Guillermo Chávez Talamantes,76
25001,250010148,Sinaloa,Ahome,Las Grullas Margen Derecha,2
25001,250010149,Sinaloa,Ahome,Las Grullas Margen Izquierda,4
25001,250010150,Sinaloa,Ahome,Huacaporito,1
25001,250010156,Sinaloa,Ahome,Gustavo Díaz Ordaz (El Carrizo),395
25001,250010160,Sinaloa,Ahome,Higuera de Zaragoza,479
25001,250010165,Sinaloa,Ahome,La Sucursal Jiquilpan,1
25001,250010166,Sinaloa,Ahome,Jitzámuri,1
25001,250010174,Sinaloa,Ahome,Ejido Louisiana,34
25001,250010175,Sinaloa,Ahome,Ejido Macapul,2
25001,250010176,Sinaloa,Ahome,Mártires de Sinaloa Dos,1
25001,250010178,Sinaloa,Ahome,Ejido Mayocoba,1
25001,250010183,Sinaloa,Ahome,Mochis (Ejido Mochis),128
25001,250010186,Sinaloa,Ahome,Niños Héroes de Chapultepec [Estación Francisco],3
25001,250010189,Sinaloa,Ahome,Ejido 9 de Diciembre,87
25001,250010193,Sinaloa,Ahome,Ejido Ohuira,83
25001,250010197,Sinaloa,Ahome,Plan de Ayala [Campo Cinco],38
25001,250010199,Sinaloa,Ahome,Plan de San Luis,18
25001,250010205,Sinaloa,Ahome,Primero de Mayo,127
25001,250010212,Sinaloa,Ahome,El Refugio,2
25001,250010215,Sinaloa,Ahome,Ejido Ricardo Flores Magón,73
25001,250010227,Sinaloa,Ahome,San Miguel Zapotitlán,345
25001,250010228,Sinaloa,Ahome,San Pablo,1
25001,250010234,Sinaloa,Ahome,Los Suárez,1
25001,250010240,Sinaloa,Ahome,Topolobampo,393
25001,250010248,Sinaloa,Ahome,Ejido Porvenir Vallejo,1
25001,250010252,Sinaloa,Ahome,Zapotillo Uno (Zapotillo Viejo),3
25001,250010253,Sinaloa,Ahome,Venustiano Carranza y Reforma,2
25001,250010284,Sinaloa,Ahome,Cerro Prieto,1
25001,250010303,Sinaloa,Ahome,La Esmeralda,1
25001,250010349,Sinaloa,Ahome,Paredones,34
25001,250010356,Sinaloa,Ahome,Poblado Número Cinco,80
25001,250010357,Sinaloa,Ahome,Poblado Número Seis (Los Natoches),3
25001,250010359,Sinaloa,Ahome,San Miguelito,1
25001,250010370,Sinaloa,Ahome,Ejido Rosendo G. Castro,2
25001,250010396,Sinaloa,Ahome,Alfonso G. Calderón (Poblado Siete),121
25001,250010398,Sinaloa,Ahome,Matacahui (El Campito),2
25001,250010407,Sinaloa,Ahome,Bachomobampo Número Dos,2
25001,250010459,Sinaloa,Ahome,San José de Ahome,5
25001,250010500,Sinaloa,Ahome,Cerro Batequis,2
25001,250010523,Sinaloa,Ahome,Cachoana,2
25001,250010532,Sinaloa,Ahome,Ejido Cerro Cabezón (El Chorrito),1
25001,250010549,Sinaloa,Ahome,El Guayabo,1
25001,250010621,Sinaloa,Ahome,Tabelojeca,2
25001,250010626,Sinaloa,Ahome,Ejido Topolobampo,2
25001,250010642,Sinaloa,Ahome,Campo Gastélum,1
25001,250010680,Sinaloa,Ahome,Buenos Aires,2
25001,250010701,Sinaloa,Ahome,Camayeca,1
25001,250010703,Sinaloa,Ahome,Cinco de Mayo,130
25001,250010727,Sinaloa,Ahome,El Peluchín,1
25001,250010765,Sinaloa,Ahome,La Jackson,2
25001,250010801,Sinaloa,Ahome,Campo la Arrocera,57
25001,250010815,Sinaloa,Ahome,El Uno,11
25001,250010818,Sinaloa,Ahome,Nuevo San Miguel,95
25001,250010844,Sinaloa,Ahome,San Felipe [Empaque],1
25001,250010880,Sinaloa,Ahome,El Bordo,9
25001,250010881,Sinaloa,Ahome,Camino Cañero,1
25001,250010885,Sinaloa,Ahome,Campo Cleyton,1
25001,250010920,Sinaloa,Ahome,La Cleyton,3
25001,250010942,Sinaloa,Ahome,Macapul [Almacenes],2
25001,250010947,Sinaloa,Ahome,Pueblo Nuevo Luis Echeverría,26
25001,250011095,Sinaloa,Ahome,José María Robles Quintero,1
25001,250011191,Sinaloa,Ahome,Bugambilias,1
25001,250011214,Sinaloa,Ahome,El Trocadero,7
25001,250011337,Sinaloa,Ahome,Benito Juárez,1
25002,250020001,Sinaloa,Angostura,Angostura,529
25002,250020005,Sinaloa,Angostura,Agustina Ramírez,3
25002,250020007,Sinaloa,Angostura,Alhuey,173
25002,250020018,Sinaloa,Angostura,Campo el General,1
25002,250020022,Sinaloa,Angostura,Capomos,2
25002,250020030,Sinaloa,Angostura,Cerro Segundo,2
25002,250020031,Sinaloa,Angostura,Colonia Independencia (Chinitos),303
25002,250020032,Sinaloa,Angostura,Colonia Agrícola México (Palmitas),142
25002,250020033,Sinaloa,Angostura,Colonia Agrícola Sinaloa,1
25002,250020040,Sinaloa,Angostura,Dámaso Cárdenas,1
25002,250020041,Sinaloa,Angostura,El Ébano,3
25002,250020043,Sinaloa,Angostura,La Esperanza,2
25002,250020044,Sinaloa,Angostura,Estación Acatita,2
25002,250020054,Sinaloa,Angostura,Valentín Gómez Farías (El Muerto),1
25002,250020055,Sinaloa,Angostura,Gustavo Díaz Ordaz (Campo Plata),2
25002,250020058,Sinaloa,Angostura,Ejido Independencia,3
25002,250020067,Sinaloa,Angostura,Leopoldo Sánchez Celis (El Gato de Lara),8
25002,250020072,Sinaloa,Angostura,Nacozari,1
25002,250020080,Sinaloa,Angostura,La Palma,3
25002,250020089,Sinaloa,Angostura,Protomártir de Sinaloa,3
25002,250020091,Sinaloa,Angostura,Rafael Buelna,2
25002,250020093,Sinaloa,Angostura,La Reforma,338
25002,250020100,Sinaloa,Angostura,San Isidro,3
25002,250020101,Sinaloa,Angostura,San Luciano,1
25002,250020118,Sinaloa,Angostura,El Nuevo Ostional,1
25002,250020125,Sinaloa,Angostura,Las Tatemitas,1
25002,250020126,Sinaloa,Angostura,18 de Diciembre,1
25002,250020147,Sinaloa,Angostura,Alhueycito,1
25002,250020188,Sinaloa,Angostura,El Ranchito,3
25002,250020243,Sinaloa,Angostura,Caseta de Cobro Alhuey,3
25006,250060001,Sinaloa,Culiacán,Culiacán Rosales,37195
25006,250060091,Sinaloa,Culiacán,Estación Abuya,2
25006,250060098,Sinaloa,Culiacán,Agua Caliente de los Monzón,1
25006,250060121,Sinaloa,Culiacán,Ejido Sección Alhuate,2
25006,250060133,Sinaloa,Culiacán,Las Arenitas,1
25006,250060162,Sinaloa,Culiacán,El Venadillo,9
25006,250060163,Sinaloa,Culiacán,Las Bateas,11
25006,250060236,Sinaloa,Culiacán,Campo Morelia,1
25006,250060275,Sinaloa,Culiacán,Carrizalejo,1
25006,250060304,Sinaloa,Culiacán,La Compuerta,2
25006,250060305,Sinaloa,Culiacán,El Conchal,2
25006,250060311,Sinaloa,Culiacán,Cospita,1
25006,250060312,Sinaloa,Culiacán,Costa Rica,1220
25006,250060321,Sinaloa,Culiacán,Culiacancito,216
25006,250060341,Sinaloa,Culiacán,Eldorado,1211
25006,250060356,Sinaloa,Culiacán,Campo Eureka,2
25006,250060360,Sinaloa,Culiacán,Ejido la Flor,1
25006,250060361,Sinaloa,Culiacán,Las Flores,1
25006,250060391,Sinaloa,Culiacán,El Higueral,4
25006,250060394,Sinaloa,Culiacán,Higueras de Abuya,2
25006,250060400,Sinaloa,Culiacán,La Higuerita (Las Higueras de Culiacán),43
25006,250060413,Sinaloa,Culiacán,Imala,1
25006,250060421,Sinaloa,Culiacán,Jesús María,1
25006,250060430,Sinaloa,Culiacán,Laguna Colorada,2
25006,250060438,Sinaloa,Culiacán,Leopoldo Sánchez Celis,182
25006,250060443,Sinaloa,Culiacán,El Limón de los Ramos,87
25006,250060459,Sinaloa,Culiacán,La Loma (La Loma de Quila),2
25006,250060471,Sinaloa,Culiacán,Ejido el Melón (San Alejandro),2
25006,250060478,Sinaloa,Culiacán,Ejido Mezquitillo (Chapeteado),1
25006,250060479,Sinaloa,Culiacán,Mezquitita,2
25006,250060487,Sinaloa,Culiacán,Mojolo,1
25006,250060505,Sinaloa,Culiacán,Navito,1
25006,250060518,Sinaloa,Culiacán,Oso Nuevo (El Oso),2
25006,250060519,Sinaloa,Culiacán,Oso Viejo,2
25006,250060544,Sinaloa,Culiacán,Península de Villamoros,1
25006,250060551,Sinaloa,Culiacán,Las Piedritas,2
25006,250060556,Sinaloa,Culiacán,El Pinole,20
25006,250060562,Sinaloa,Culiacán,Plan de Oriente (El Doce),2
25006,250060579,Sinaloa,Culiacán,La Presita,3
25006,250060591,Sinaloa,Culiacán,Quilá,459
25006,250060609,Sinaloa,Culiacán,Río Florido,1
25006,250060612,Sinaloa,Culiacán,Estación Rosales,41
25006,250060622,Sinaloa,Culiacán,El Salado,8
25006,250060627,Sinaloa,Culiacán,Sanalona,3
25006,250060635,Sinaloa,Culiacán,El Sabino [Empaque],1
25006,250060667,Sinaloa,Culiacán,San Rafael,1
25006,250060702,Sinaloa,Culiacán,Tabalá,1
25006,250060704,Sinaloa,Culiacán,San Francisco de Tacuichamona,2
25006,250060713,Sinaloa,Culiacán,El Tepuche,3
25006,250060746,Sinaloa,Culiacán,Adolfo López Mateos (El Tamarindo),248
25006,250060846,Sinaloa,Culiacán,La Cruz de Carrizalejo,2
25006,250060882,Sinaloa,Culiacán,Bellavista,6
25006,250060884,Sinaloa,Culiacán,Ejido los Huizaches,18
25006,250060888,Sinaloa,Culiacán,La Pedrera,11
25006,250060889,Sinaloa,Culiacán,Ejido el Quince (El Quincito),11
25006,250060890,Sinaloa,Culiacán,Argentina Dos,12
25006,250060933,Sinaloa,Culiacán,Ejido el Quemadito,26
25006,250060934,Sinaloa,Culiacán,Campo Podesta,1
25006,250061042,Sinaloa,Culiacán,Ejido Tierra y Libertad Número Dos,1
25006,250061044,Sinaloa,Culiacán,El Robalar,1
25006,250061062,Sinaloa,Culiacán,Ejido Mezquitillo Número Dos,1
25006,250061098,Sinaloa,Culiacán,La Báscula [Crucero de Costa Rica],3
25006,250061116,Sinaloa,Culiacán,Casa Blanca,4
25006,250061168,Sinaloa,Culiacán,Nuevo Higueral,1
25006,250061194,Sinaloa,Culiacán,Pueblos Unidos,162
25006,250061222,Sinaloa,Culiacán,Campo el Seis,1
25006,250061240,Sinaloa,Culiacán,Campo Acapulco,3
25006,250061250,Sinaloa,Culiacán,Ejido el Álamo,1
25006,250061258,Sinaloa,Culiacán,El Alto de Culiacancito,3
25006,250061259,Sinaloa,Culiacán,El Alto de Oso,1
25006,250061305,Sinaloa,Culiacán,Carboneras,1
25006,250061325,Sinaloa,Culiacán,Paralelo Treinta y Ocho [Empaque Agrícola],4
25006,250061346,Sinaloa,Culiacán,El Diez,402
25006,250061360,Sinaloa,Culiacán,Estación Obispo,187
25006,250061361,Sinaloa,Culiacán,Estación Quilá,2
25006,250061362,Sinaloa,Culiacán,San Rafael,3
25006,250061366,Sinaloa,Culiacán,Campo la Flor,2
25006,250061371,Sinaloa,Culiacán,Ejido Campo Gobierno Número Dos,1
25006,250061384,Sinaloa,Culiacán,Guadalupe Victoria (El Atorón),2
25006,250061412,Sinaloa,Culiacán,Walamito,1
25006,250061461,Sinaloa,Culiacán,Bacurimí,13
25006,250061472,Sinaloa,Culiacán,Las Palmas,3
25006,250061483,Sinaloa,Culiacán,Campo Patricia,4
25006,250061514,Sinaloa,Culiacán,El Quince,1
25006,250061684,Sinaloa,Culiacán,La Platanera (El Pizal),17
25006,250061695,Sinaloa,Culiacán,Soyatita,1
25006,250061720,Sinaloa,Culiacán,La Limita de Itaje,1
25006,250061867,Sinaloa,Culiacán,Nuevo Centro de Población Ejidal el 30,3
25006,250062073,Sinaloa,Culiacán,Ejido Canán,23
25006,250062099,Sinaloa,Culiacán,Campo Cuba,13
25006,250062160,Sinaloa,Culiacán,Valle Escondido,3
25006,250062229,Sinaloa,Culiacán,Campo Canán,5
25006,250062266,Sinaloa,Culiacán,Campo el Sol [Campo Pegaso],6
25006,250062391,Sinaloa,Culiacán,Campo Nora,5
25006,250062445,Sinaloa,Culiacán,Santa Sofia [Empaque],1
25006,250062515,Sinaloa,Culiacán,El Quemadito (La Villa),1
25006,250062518,Sinaloa,Culiacán,El Ranchito,82
25006,250062714,Sinaloa,Culiacán,El Traky,1
25006,250062806,Sinaloa,Culiacán,La Fortuna [Invernadero],1
25006,250062807,Sinaloa,Culiacán,Kilómetro Dos y Medio,2
25006,250062849,Sinaloa,Culiacán,Sección San Rafael (Las Casitas),3
25006,250062937,Sinaloa,Culiacán,Santa Aurora [Agrícola],2
25006,250063011,Sinaloa,Culiacán,Colonia Villa Arredondo,1
25006,250063081,Sinaloa,Culiacán,Los Álamos [Invasión],1
25006,250063141,Sinaloa,Culiacán,Bachigualatito,28
25006,250063230,Sinaloa,Culiacán,El Pando,1
25006,250063254,Sinaloa,Culiacán,El Higueral,1
25006,250063316,Sinaloa,Culiacán,Campestre Castilla,1
25006,250063348,Sinaloa,Culiacán,Chulavista Dos,2
25006,250063449,Sinaloa,Culiacán,Solidaridad Campesina,1
25006,250063466,Sinaloa,Culiacán,Colonia Villarreal (Las Coloradas),6
25008,250080001,Sinaloa,Elota,La Cruz,1223
25008,250080004,Sinaloa,Elota,Agua Nueva,1
25008,250080009,Sinaloa,Elota,El Bolillo,2
25008,250080024,Sinaloa,Elota,Ceuta,2
25008,250080028,Sinaloa,Elota,Ejido Culiacán (Culiacancito),1
25008,250080030,Sinaloa,Elota,Elota,1
25008,250080031,Sinaloa,Elota,Emiliano Zapata,2
25008,250080035,Sinaloa,Elota,El Espinal,3
25008,250080054,Sinaloa,Elota,Los Mecates,1
25008,250080067,Sinaloa,Elota,Potrerillo del Norote,2
25008,250080085,Sinaloa,Elota,Tanques,3
25008,250080132,Sinaloa,Elota,Casas Viejas,3
25008,250080150,Sinaloa,Elota,El Saladito,1
25008,250080164,Sinaloa,Elota,Celestino Gazca Villaseñor,1
25008,250080172,Sinaloa,Elota,La Papalota,1
25008,250080182,Sinaloa,Elota,San José de Conitaca (Nuevo Conitaca),2
25008,250080409,Sinaloa,Elota,Colonia Buenos Aires,2
25009,250090001,Sinaloa,Escuinapa,Escuinapa de Hidalgo,1975
25009,250090018,Sinaloa,Escuinapa,Celaya,1
25009,250090020,Sinaloa,Escuinapa,La Concha (La Concepción),2
25009,250090034,Sinaloa,Escuinapa,Isla del Bosque,330
25009,250090043,Sinaloa,Escuinapa,Ojo de Agua de Palmillas,107
25009,250090055,Sinaloa,Escuinapa,Rincón del Verde,1
25009,250090060,Sinaloa,Escuinapa,Teacapán,222
25009,250090062,Sinaloa,Escuinapa,Tecualilla,7
25009,250090197,Sinaloa,Escuinapa,San Miguel de la Atarjea,1
25010,250100001,Sinaloa,El Fuerte,El Fuerte,978
25010,250100026,Sinaloa,El Fuerte,Barotén,1
25010,250100042,Sinaloa,El Fuerte,Lázaro Cárdenas (Campo Esperanza),1
25010,250100058,Sinaloa,El Fuerte,Constancia,315
25010,250100069,Sinaloa,El Fuerte,Charay,160
25010,250100072,Sinaloa,El Fuerte,Chinobampo,2
25010,250100079,Sinaloa,El Fuerte,Dos de Abril,2
25010,250100097,Sinaloa,El Fuerte,Los Hornillos,1
25010,250100102,Sinaloa,El Fuerte,Adolfo López Mateos (Jahuara Segundo),189
25010,250100118,Sinaloa,El Fuerte,Llano de los López,1
25010,250100133,Sinaloa,El Fuerte,Mochicahui,389
25010,250100143,Sinaloa,El Fuerte,Ocolome,1
25010,250100153,Sinaloa,El Fuerte,El Pochotal,1
25010,250100179,Sinaloa,El Fuerte,San Blas,344
25010,250100187,Sinaloa,El Fuerte,Santa María,1
25010,250100189,Sinaloa,El Fuerte,Sibajahui,1
25010,250100193,Sinaloa,El Fuerte,Los Taxtes,14
25010,250100195,Sinaloa,El Fuerte,Tehueco,2
25010,250100202,Sinaloa,El Fuerte,Tetaroba,1
25010,250100207,Sinaloa,El Fuerte,Tres Garantías,2
25010,250100213,Sinaloa,El Fuerte,Benito Juárez (Vinatería),4
25010,250100227,Sinaloa,El Fuerte,La Genoveva,1
25010,250100478,Sinaloa,El Fuerte,Huepaco,1
25010,250100625,Sinaloa,El Fuerte,Téroque Viejo,1
25010,250101453,Sinaloa,El Fuerte,La Corona,1
25011,250110001,Sinaloa,Guasave,Guasave,5808
25011,250110035,Sinaloa,Guasave,Adolfo Ruiz Cortines,758
25011,250110037,Sinaloa,Guasave,Emilio Portes Gil (Agua Blanca),12
25011,250110043,Sinaloa,Guasave,Las Américas,2
25011,250110044,Sinaloa,Guasave,El Amole,3
25011,250110049,Sinaloa,Guasave,Bachoco,139
25011,250110051,Sinaloa,Guasave,Estación Bamoa (Campo Wilson),379
25011,250110052,Sinaloa,Guasave,Bamoa,132
25011,250110055,Sinaloa,Guasave,La Bebelama,1
25011,250110059,Sinaloa,Guasave,La Brecha,7
25011,250110060,Sinaloa,Guasave,Las Brisas (Emiliano Zapata),4
25011,250110063,Sinaloa,Guasave,Buen Retiro (El Retiro),2
25011,250110064,Sinaloa,Guasave,El Burrión,158
25011,250110065,Sinaloa,Guasave,El Cerro Cabezón,74
25011,250110066,Sinaloa,Guasave,Caimanero,60
25011,250110069,Sinaloa,Guasave,Callejones de Tamazula,1
25011,250110070,Sinaloa,Guasave,Callejones de Guasavito,154
25011,250110074,Sinaloa,Guasave,Ejido Treinta y Ochito,18
25011,250110083,Sinaloa,Guasave,Carboneras,3
25011,250110085,Sinaloa,Guasave,Casa Blanca,3
25011,250110088,Sinaloa,Guasave,Cinco de Mayo (Agua Blanca),23
25011,250110089,Sinaloa,Guasave,Cofradía de Tamazula (La Cofradía),2
25011,250110093,Sinaloa,Guasave,Corerepe (El Gallo),143
25011,250110097,Sinaloa,Guasave,Cruz Blanca,2
25011,250110102,Sinaloa,Guasave,El Cubilete (El Cubilete Número Uno),109
25011,250110103,Sinaloa,Guasave,Cubilete Número Dos,2
25011,250110107,Sinaloa,Guasave,La Cuestona,2
25011,250110108,Sinaloa,Guasave,El Cuitabón,30
25011,250110112,Sinaloa,Guasave,Ejido Chino de los López,1
25011,250110113,Sinaloa,Guasave,Chorohui,1
25011,250110115,Sinaloa,Guasave,La Chuparrosa,2
25011,250110120,Sinaloa,Guasave,El Dorado Número Uno,1
25011,250110124,Sinaloa,Guasave,Ejido la Entrada (El Poblado),32
25011,250110125,Sinaloa,Guasave,La Escalera,16
25011,250110131,Sinaloa,Guasave,Francisco R. Serrano,1
25011,250110132,Sinaloa,Guasave,Gabriel Leyva Solano (Benito Juárez),961
25011,250110134,Sinaloa,Guasave,Gambino,2
25011,250110138,Sinaloa,Guasave,Juan José Ríos,1123
25011,250110140,Sinaloa,Guasave,Guasavito,6
25011,250110148,Sinaloa,Guasave,El Huitussi,75
25011,250110154,Sinaloa,Guasave,Las Juntitas de Valdez,13
25011,250110161,Sinaloa,Guasave,León Fonseca (Estación Verdura),202
25011,250110166,Sinaloa,Guasave,El Mezquital,5
25011,250110168,Sinaloa,Guasave,Miguel Alemán,1
25011,250110170,Sinaloa,Guasave,Las Moras,2
25011,250110175,Sinaloa,Guasave,Nío,94
25011,250110177,Sinaloa,Guasave,La Noria,2
25011,250110181,Sinaloa,Guasave,Orba (Infiernito),2
25011,250110187,Sinaloa,Guasave,San José de Palos Blancos (Palos Blancos),3
25011,250110188,Sinaloa,Guasave,Palos Verdes,4
25011,250110191,Sinaloa,Guasave,Las Parritas,27
25011,250110193,Sinaloa,Guasave,Las Pilas,2
25011,250110194,Sinaloa,Guasave,El Pitahayal,3
25011,250110199,Sinaloa,Guasave,Las Playas (La Palma),2
25011,250110203,Sinaloa,Guasave,Portugués de Gálvez,1
25011,250110206,Sinaloa,Guasave,La Sabanilla [Campo Preciado],3
25011,250110209,Sinaloa,Guasave,El Progreso,3
25011,250110211,Sinaloa,Guasave,Pueblo Viejo,3
25011,250110214,Sinaloa,Guasave,Ranchito de Castro,2
25011,250110220,Sinaloa,Guasave,Roberto Barrios,3
25011,250110226,Sinaloa,Guasave,El Sabino,3
25011,250110229,Sinaloa,Guasave,San Antonio,2
25011,250110232,Sinaloa,Guasave,San Fernandito,1
25011,250110233,Sinaloa,Guasave,San Fernando,2
25011,250110239,Sinaloa,Guasave,San José de la Brecha,1
25011,250110248,Sinaloa,Guasave,San Pascual,1
25011,250110249,Sinaloa,Guasave,San Pedro Guasave (El Ranchito),3
25011,250110251,Sinaloa,Guasave,San Rafael (General Miguel Valle Dávalos),5
25011,250110269,Sinaloa,Guasave,Tamazula,136
25011,250110279,Sinaloa,Guasave,Las Tortugas (La 300),3
25011,250110282,Sinaloa,Guasave,La Trinidad,177
25011,250110283,Sinaloa,Guasave,Los Ángeles,91
25011,250110284,Sinaloa,Guasave,Utatave (Mautillos),13
25011,250110299,Sinaloa,Guasave,Héroes Mexicanos,15
25011,250110300,Sinaloa,Guasave,El Huitussi y Anexos (El Huitussito),25
25011,250110301,Sinaloa,Guasave,Herculano de la Rocha,2
25011,250110312,Sinaloa,Guasave,Choipa,2
25011,250110332,Sinaloa,Guasave,Babujaqui,12
25011,250110358,Sinaloa,Guasave,Ladrilleras de Ocoro,105
25011,250110359,Sinaloa,Guasave,Ranchito de Caimanero (Infiernito),6
25011,250110364,Sinaloa,Guasave,El Varal (San Sebastián Número Uno),5
25011,250110370,Sinaloa,Guasave,Las Crucecitas,2
25011,250110382,Sinaloa,Guasave,El Choyal,1
25011,250110386,Sinaloa,Guasave,Boca del Río,1
25011,250110387,Sinaloa,Guasave,Las Cuchillas,2
25011,250110430,Sinaloa,Guasave,Guayparime,1
25011,250110434,Sinaloa,Guasave,El Campesino,13
25011,250110445,Sinaloa,Guasave,La Palmita,1
25011,250110475,Sinaloa,Guasave,Javier Rojo Gómez,2
25011,250110520,Sinaloa,Guasave,Ejido Figueroa,24
25011,250110614,Sinaloa,Guasave,Camagüey (Campo Bórquez),1
25011,250110623,Sinaloa,Guasave,Miguel Hidalgo,2
25011,250110637,Sinaloa,Guasave,San Carlos,1
25011,250110645,Sinaloa,Guasave,Terahuito,1
25011,250110657,Sinaloa,Guasave,El Amolito,3
25011,250110714,Sinaloa,Guasave,Sector la Cruz,3
25011,250110736,Sinaloa,Guasave,Dorado Número Tres (Doradito),1
25011,250110751,Sinaloa,Guasave,Las Glorias,2
25011,250110755,Sinaloa,Guasave,La Guamuchilera,2
25011,250110759,Sinaloa,Guasave,San José de Guayparime,17
25011,250110777,Sinaloa,Guasave,El Marcol,3
25011,250110816,Sinaloa,Guasave,Ranchito de Inzunza,15
25011,250110868,Sinaloa,Guasave,Santa Teresa de los Olivos (El Pinito),1
25011,250110869,Sinaloa,Guasave,Ejido los Pinitos,10
25011,250110899,Sinaloa,Guasave,La Virgencita (Lindavista),1
25011,250110912,Sinaloa,Guasave,Agua Blancona,1
25011,250110941,Sinaloa,Guasave,22-15 [Campo Pesquero],1
25011,250110984,Sinaloa,Guasave,Las Pilas,1
25011,250111020,Sinaloa,Guasave,24 de Febrero,25
25011,250111032,Sinaloa,Guasave,Campo Treinta y Ocho,6
25011,250111071,Sinaloa,Guasave,Choipa,1
25011,250111075,Sinaloa,Guasave,Valle Verde,1
25011,250111086,Sinaloa,Guasave,Caimanero,6
25011,250111128,Sinaloa,Guasave,Campo Yory,1
25011,250111273,Sinaloa,Guasave,El Paraíso (La Chirimilla),1
25012,250120001,Sinaloa,Mazatlán,Mazatlán,22123
25012,250120134,Sinaloa,Mazatlán,Barrón,1
25012,250120162,Sinaloa,Mazatlán,El Castillo,2
25012,250120191,Sinaloa,Mazatlán,Escamillas,1
25012,250120210,Sinaloa,Mazatlán,El Habal,3
25012,250120263,Sinaloa,Mazatlán,La Noria de San Antonio (La Noria),1
25012,250120291,Sinaloa,Mazatlán,El Puente del Quelite,1
25012,250120296,Sinaloa,Mazatlán,El Quelite,3
25012,250120304,Sinaloa,Mazatlán,El Roble,88
25012,250120311,Sinaloa,Mazatlán,San Francisquito,2
25012,250120313,Sinaloa,Mazatlán,San Marcos,1
25012,250120325,Sinaloa,Mazatlán,Siqueros,1
25012,250120331,Sinaloa,Mazatlán,El Tecomate de Siqueros,2
25012,250120341,Sinaloa,Mazatlán,El Vainillo,1
25012,250120348,Sinaloa,Mazatlán,Villa Unión,929
25012,250120483,Sinaloa,Mazatlán,Las Higueras del Conchi,1
25012,250120586,Sinaloa,Mazatlán,Estación Presidio,1
25012,250120719,Sinaloa,Mazatlán,San Antonio,1
25012,250120761,Sinaloa,Mazatlán,El Walamo,100
25012,250120990,Sinaloa,Mazatlán,Los Cedros,2
25012,250121257,Sinaloa,Mazatlán,Fraccionamiento los Ángeles,125
25013,250130001,Sinaloa,Mocorito,Mocorito,451
25013,250130044,Sinaloa,Mocorito,Boca de Arroyo,1
25013,250130053,Sinaloa,Mocorito,Caimanero,4
25013,250130083,Sinaloa,Mocorito,Cerro Agudo,1
25013,250130172,Sinaloa,Mocorito,El Magistral,1
25013,250130181,Sinaloa,Mocorito,Melchor Ocampo,4
25013,250130190,Sinaloa,Mocorito,La Misión,1
25013,250130235,Sinaloa,Mocorito,Pericos,345
25013,250130256,Sinaloa,Mocorito,Potrero de los Sánchez (Estación Techa),3
25013,250130272,Sinaloa,Mocorito,Rancho Viejo,1
25013,250130276,Sinaloa,Mocorito,Recoveco,3
25013,250130295,Sinaloa,Mocorito,San Francisco (El Crucero),1
25013,250130360,Sinaloa,Mocorito,Zapotillo,1
25013,250130589,Sinaloa,Mocorito,Perico Petrolero,1
25013,250130634,Sinaloa,Mocorito,Santiago de Comanito (Comanito),1
25014,250140001,Sinaloa,Rosario,El Rosario,1150
25014,250140011,Sinaloa,Rosario,Cajón Verde,2
25014,250140015,Sinaloa,Rosario,Cruz Pedregoza,1
25014,250140018,Sinaloa,Rosario,Chilillos,2
25014,250140020,Sinaloa,Rosario,Ejido Gregorio Vázquez Moreno (San Joachín),1
25014,250140024,Sinaloa,Rosario,Las Higueras,1
25014,250140035,Sinaloa,Rosario,Montealto,1
25014,250140037,Sinaloa,Rosario,Ojitos,1
25014,250140041,Sinaloa,Rosario,Los Pozos,1
25014,250140047,Sinaloa,Rosario,Potrerillos,3
25014,250140055,Sinaloa,Rosario,Estación Rosario,1
25014,250140059,Sinaloa,Rosario,Hacienda el Tamarindo,1
25014,250140131,Sinaloa,Rosario,Tazajal,2
25014,250140134,Sinaloa,Rosario,Teodoro Beltrán (La Hacienda),1
25014,250140388,Sinaloa,Rosario,Agua Verde,181
25014,250140390,Sinaloa,Rosario,Apoderado,1
25014,250140394,Sinaloa,Rosario,Cacalotán,1
25014,250140398,Sinaloa,Rosario,Ejido Francisco Villa (Las Garzas),1
25014,250140575,Sinaloa,Rosario,Loma de Potrerillos,1
25016,250160001,Sinaloa,San Ignacio,San Ignacio,294
25016,250160035,Sinaloa,San Ignacio,Camino Real de Piaxtla,2
25016,250160052,Sinaloa,San Ignacio,Coyotitán,4
25016,250160054,Sinaloa,San Ignacio,Crucero de Piaxtla (La Cacharola),2
25016,250160066,Sinaloa,San Ignacio,Dimas (Estación Dimas),244
25016,250160093,Sinaloa,San Ignacio,La Labor,2
25016,250160117,Sinaloa,San Ignacio,Piaxtla de Abajo,2
25016,250160151,Sinaloa,San Ignacio,San Javier,1
25016,250160826,Sinaloa,San Ignacio,La Chora (Colonia Renato Vega),2
25017,250170001,Sinaloa,Sinaloa,Sinaloa de Leyva,603
25017,250170026,Sinaloa,Sinaloa,Baburía,1
25017,250170076,Sinaloa,Sinaloa,Cubiri de la Cuesta,1
25017,250170078,Sinaloa,Sinaloa,Cubiri de la Máquina,1
25017,250170079,Sinaloa,Sinaloa,Cubiri de Portelas,1
25017,250170153,Sinaloa,Sinaloa,Los Melones,1
25017,250170172,Sinaloa,Sinaloa,Santiago de Ocoroni,3
25017,250170173,Sinaloa,Sinaloa,El Opochi,2
25017,250170185,Sinaloa,Sinaloa,Cabrera de Limones,1
25017,250170216,Sinaloa,Sinaloa,La Presita,2
25017,250170242,Sinaloa,Sinaloa,Ruiz Cortines Número Uno,3
25017,250170244,Sinaloa,Sinaloa,Ruiz Cortines Número Tres,1
25017,250170275,Sinaloa,Sinaloa,Santa Teresita,1
25017,250170349,Sinaloa,Sinaloa,Ejido Ceferino Paredes,1
25017,250170351,Sinaloa,Sinaloa,Ejido Batamote,1
25017,250170356,Sinaloa,Sinaloa,Playa Segunda,1
25017,250170367,Sinaloa,Sinaloa,Bacurato,1
25017,250170390,Sinaloa,Sinaloa,Agua Fría,1
25017,250170495,Sinaloa,Sinaloa,Estación Naranjo,356
25017,250170555,Sinaloa,Sinaloa,Ejido Francisco J. Múgica,1
25017,250170588,Sinaloa,Sinaloa,Genaro Estrada,119
25017,250170592,Sinaloa,Sinaloa,Llano Grande,1
25017,250170595,Sinaloa,Sinaloa,Gabriel Leyva Velázquez (Mezquite Alto),69
25017,250170638,Sinaloa,Sinaloa,Alfredo V. Bonfil (Siete Ejidos),1
25017,250170691,Sinaloa,Sinaloa,Cubiri de la Capilla,2
25017,250170818,Sinaloa,Sinaloa,Ejido el Maquipo,2
25017,250170872,Sinaloa,Sinaloa,Licenciado Benito Juárez (Paredón Blanco),1
25017,250171046,Sinaloa,Sinaloa,Bacubirito,5
25017,250171074,Sinaloa,Sinaloa,La Bocatoma,1
25018,250180001,Sinaloa,Navolato,Navolato,1925
25018,250180003,Sinaloa,Navolato,Aguapepito,1
25018,250180004,Sinaloa,Navolato,Licenciado Alfredo Valdez Montoya,2
25018,250180006,Sinaloa,Navolato,Altata,135
25018,250180008,Sinaloa,Navolato,Los Arredondo (Los Arredondo de San Pedro),11
25018,250180009,Sinaloa,Navolato,Bachigualatillo,1
25018,250180011,Sinaloa,Navolato,Bachoco,2
25018,250180017,Sinaloa,Navolato,Bariometo,34
25018,250180018,Sinaloa,Navolato,Bariometo Segundo,2
25018,250180019,Sinaloa,Navolato,El Batallón,29
25018,250180023,Sinaloa,Navolato,El Bledal,2
25018,250180026,Sinaloa,Navolato,El Bolsón,1
25018,250180037,Sinaloa,Navolato,El Diecisiete,19
25018,250180041,Sinaloa,Navolato,El Castillo,95
25018,250180044,Sinaloa,Navolato,Cofradía de la Loma,1
25018,250180045,Sinaloa,Navolato,Cofradía de Navolato (Cofradía de los Rocha),35
25018,250180054,Sinaloa,Navolato,Dautillos,3
25018,250180065,Sinaloa,Navolato,Juan Aldama (El Tigre),113
25018,250180068,Sinaloa,Navolato,El Limoncito,8
25018,250180070,Sinaloa,Navolato,Lo de Reyes,2
25018,250180071,Sinaloa,Navolato,Lo de Sauceda,10
25018,250180074,Sinaloa,Navolato,Colonia Michoacana,9
25018,250180076,Sinaloa,Navolato,Montelargo,1
25018,250180078,Sinaloa,Navolato,Sataya,2
25018,250180080,Sinaloa,Navolato,Otameto,2
25018,250180086,Sinaloa,Navolato,La Pipima,2
25018,250180091,Sinaloa,Navolato,General Ángel Flores (La Palma),445
25018,250180097,Sinaloa,Navolato,Río Viejo,1
25018,250180098,Sinaloa,Navolato,Rosa Morada,2
25018,250180107,Sinaloa,Navolato,Santa Fe,12
25018,250180120,Sinaloa,Navolato,El Vergel,1
25018,250180121,Sinaloa,Navolato,El Potrero de Sataya,1
25018,250180123,Sinaloa,Navolato,Villamoros,5
25018,250180127,Sinaloa,Navolato,Yebavito,35
25018,250180131,Sinaloa,Navolato,Las Aguamitas,2
25018,250180132,Sinaloa,Navolato,Los Alamitos,2
25018,250180145,Sinaloa,Navolato,Ejido Convención de Aguascalientes,23
25018,250180161,Sinaloa,Navolato,La Tomatera,1
25018,250180186,Sinaloa,Navolato,La Bebelama de San Pedro,17
25018,250180199,Sinaloa,Navolato,Campo Balbuena,2
25018,250180206,Sinaloa,Navolato,Agrícola AGA JBS,2
25018,250180210,Sinaloa,Navolato,Lo de Jesús [Campo Romero],2
25018,250180219,Sinaloa,Navolato,Campo Vital (Cofradía de la Estancia Número Dos),5
25018,250180228,Sinaloa,Navolato,Campo Clouthier,1
25018,250180230,Sinaloa,Navolato,Cofradía de San Pedro (Cofradía de la Estancia),26
25018,250180239,Sinaloa,Navolato,La Curva (La Curva de San Pedro),5
25018,250180274,Sinaloa,Navolato,Las Ilusiones,1
25018,250180276,Sinaloa,Navolato,Laguna de San Pedro,11
25018,250180283,Sinaloa,Navolato,Colonia Michoacana (Luis Vélez),2
25018,250180288,Sinaloa,Navolato,Campo México y Oriente,2
25018,250180292,Sinaloa,Navolato,El Molino,2
25018,250180322,Sinaloa,Navolato,Las Puentes (Guadalupe Victoria),2
25018,250180349,Sinaloa,Navolato,San Luis,1
25018,250180355,Sinaloa,Navolato,San Pedro,235
25018,250180361,Sinaloa,Navolato,Santa Cecilia,4
25018,250180364,Sinaloa,Navolato,La Sinaloa,25
25018,250180367,Sinaloa,Navolato,Toboloto,1
25018,250180374,Sinaloa,Navolato,Licenciado Benito Juárez (Campo Gobierno),950
25018,250180380,Sinaloa,Navolato,El Pizal,1
25018,250180402,Sinaloa,Navolato,Los Rieles,9
25018,250180407,Sinaloa,Navolato,La Campiña de San Pedro (La Campiña),2
25018,250180434,Sinaloa,Navolato,El Tetuán Nuevo,1
25018,250180481,Sinaloa,Navolato,Campo San José,4
25018,250180507,Sinaloa,Navolato,Ejido la Paloma,1
25018,250180511,Sinaloa,Navolato,Monte Calvario,1
25018,250180527,Sinaloa,Navolato,Ejido el Caimancito,1
25018,250180557,Sinaloa,Navolato,Campo el Diecisiete,1
25018,250180561,Sinaloa,Navolato,Campo Lo de Beltrán,3
25018,250180604,Sinaloa,Navolato,Campo Berlín (Berlín),10
25018,250180607,Sinaloa,Navolato,San Blas,8
25018,250180620,Sinaloa,Navolato,Curva de Vázquez,4
25018,250182135,Sinaloa,Navolato,San Manuel,15
25018,250182142,Sinaloa,Navolato,Las Cruces,1
25018,250182205,Sinaloa,Navolato,Isla Cortés,2
26012,260120001,Sonora,Bácum,Bácum,224
26012,260120003,Sonora,Bácum,Atotonilco,1
26012,260120082,Sonora,Bácum,Francisco Javier Mina (Campo 60),223
26012,260120090,Sonora,Bácum,Primero de Mayo (Campo 77),73
26012,260120093,Sonora,Bácum,San José de Bácum,178
26012,260120094,Sonora,Bácum,Santa Teresa,1
26012,260120100,Sonora,Bácum,Villa Guadalupe,1
26012,260120172,Sonora,Bácum,San José,1
26017,260170001,Sonora,Caborca,Heroica Caborca,3657
26017,260170009,Sonora,Caborca,Álvaro Obregón,16
26017,260170062,Sonora,Caborca,El Coyote,1
26017,260170083,Sonora,Caborca,El Diamante (La Retranca),1
26017,260170166,Sonora,Caborca,Puerto Lobos,11
26017,260170246,Sonora,Caborca,Plutarco Elías Calles (La Y Griega),248
26017,260170419,Sonora,Caborca,Juan Álvarez,1
26017,260170612,Sonora,Caborca,Siempre Viva,1
26017,260170898,Sonora,Caborca,Poblado San Felipe,1
26017,260171221,Sonora,Caborca,La Esmeralda I,1
26018,260180001,Sonora,Cajeme,Ciudad Obregón,16424
26018,260180074,Sonora,Cajeme,Allende (El Dieciocho),1
26018,260180076,Sonora,Cajeme,Antonio Rosales,2
26018,260180093,Sonora,Cajeme,Cuauhtémoc (Campo Cinco),62
26018,260180284,Sonora,Cajeme,Cócorit,300
26018,260180289,Sonora,Cajeme,Estación Corral,59
26018,260180311,Sonora,Cajeme,Esperanza,1265
26018,260180314,Sonora,Cajeme,Francisco I. Madero (Campo 30),3
26018,260180315,Sonora,Cajeme,Francisco Villa,1
26018,260180319,Sonora,Cajeme,Los Hornos,5
26018,260180334,Sonora,Cajeme,Marte R. Gómez (Tobarito),286
26018,260180340,Sonora,Cajeme,Morelos Uno,1
26018,260180356,Sonora,Cajeme,Vicente Guerrero (El Portón),1
26018,260180362,Sonora,Cajeme,Progreso (Campo 47),1
26018,260180364,Sonora,Cajeme,Providencia,192
26018,260180365,Sonora,Cajeme,Quetchehueca,81
26018,260180391,Sonora,Cajeme,Ejido Tepeyac (Campo Dos),1
26018,260180397,Sonora,Cajeme,31 de Octubre,30
26018,260180403,Sonora,Cajeme,Pueblo Yaqui,562
26018,260180405,Sonora,Cajeme,Centauro del Norte,2
26018,260180505,Sonora,Cajeme,El Henequén,1
26018,260180535,Sonora,Cajeme,Puente de Picos,1
26018,260180543,Sonora,Cajeme,Kilómetro Nueve (El Pueblito),1
26018,260180811,Sonora,Cajeme,Solidaridad,1
26018,260181193,Sonora,Cajeme,Veracruz (El Chorizo),1
26018,260181977,Sonora,Cajeme,Los Machochos,1
26025,260250001,Sonora,Empalme,Empalme,1684
26025,260250006,Sonora,Empalme,Antonio Rosales,1
26025,260250013,Sonora,Empalme,Cruz de Piedra,1
26025,260250031,Sonora,Empalme,Maytorena,2
26025,260250033,Sonora,Empalme,Mi Patria es Primero,1
26025,260250034,Sonora,Empalme,José María Morelos y Pavón (La Atravezada),13
26025,260250037,Sonora,Empalme,La Palma,2
26025,260250060,Sonora,Empalme,Santa María de Guaymas,2
26025,260250082,Sonora,Empalme,Cochórit,2
26025,260250140,Sonora,Empalme,San Fernando de Guaymas,20
26025,260250154,Sonora,Empalme,Empalme el Águila (El Ranchito),1
26026,260260001,Sonora,Etchojoa,Etchojoa,435
26026,260260008,Sonora,Etchojoa,Bacame Nuevo,113
26026,260260011,Sonora,Etchojoa,Bacobampo,544
26026,260260012,Sonora,Etchojoa,Basconcobe,124
26026,260260017,Sonora,Etchojoa,La Bocana,2
26026,260260019,Sonora,Etchojoa,Buaysiacobe,125
26026,260260020,Sonora,Etchojoa,Campanichaca,2
26026,260260035,Sonora,Etchojoa,Chucarit,1
26026,260260051,Sonora,Etchojoa,Las Mayas (Colonia Agrícola Basconcobe),1
26026,260260061,Sonora,Etchojoa,Las Playitas,5
26026,260260067,Sonora,Etchojoa,Sahuaral,73
26026,260260069,Sonora,Etchojoa,San Pedro Nuevo,2
26026,260260108,Sonora,Etchojoa,El Salitral,1
26026,260260740,Sonora,Etchojoa,El Tanque (El Tanque Colorado),1
26029,260290001,Sonora,Guaymas,Heroica Guaymas,5055
26029,260290002,Sonora,Guaymas,Adolfo de la Huerta,1
26029,260290025,Sonora,Guaymas,San Carlos (San Carlos Nuevo Guaymas),296
26029,260290101,Sonora,Guaymas,Francisco Márquez,3
26029,260290161,Sonora,Guaymas,La Misa,2
26029,260290173,Sonora,Guaymas,Ortíz,5
26029,260290202,Sonora,Guaymas,Pótam,196
26029,260290254,Sonora,Guaymas,San José de Guaymas,2
26029,260290271,Sonora,Guaymas,Santa Clara,3
26029,260290314,Sonora,Guaymas,Triunfo Santa Rosa,1
26029,260290325,Sonora,Guaymas,Vícam (Switch),395
26029,260290338,Sonora,Guaymas,Profesor Graciano Sánchez,1
26029,260290453,Sonora,Guaymas,San Germán,4
26029,260290621,Sonora,Guaymas,Buenos Aires (Los Nápoles),3
26029,260290631,Sonora,Guaymas,El Renacimiento,4
26029,260290837,Sonora,Guaymas,El Palmar,1
26029,260290948,Sonora,Guaymas,Los Arrieros [Gasolinera],1
26029,260291132,Sonora,Guaymas,El Cachoral,5
26029,260291298,Sonora,Guaymas,La Manga (Campo Pesquero la Manga),17
26029,260291299,Sonora,Guaymas,Marina Real,6
26029,260291364,Sonora,Guaymas,Costa del Mar,2
26029,260291393,Sonora,Guaymas,La Manga Dos,1
26029,260291637,Sonora,Guaymas,Villa Bemela,1
26030,260300001,Sonora,Hermosillo,Hermosillo,35714
26030,260300116,Sonora,Hermosillo,Los Alamitos,1
26030,260300136,Sonora,Hermosillo,Punta Chueca,17
26030,260300137,Sonora,Hermosillo,Bahía de Kino,359
26030,260300141,Sonora,Hermosillo,Barlovento,1
26030,260300208,Sonora,Hermosillo,El Colorado,7
26030,260300216,Sonora,Hermosillo,Covadonga,2
26030,260300289,Sonora,Hermosillo,Hermosillo,2
26030,260300328,Sonora,Hermosillo,Siete Cerros,2
26030,260300339,Sonora,Hermosillo,Mesa del Seri,3
26030,260300343,Sonora,Hermosillo,Miguel Alemán (La Doce),1273
26030,260300397,Sonora,Hermosillo,Santa Inés Dos (Los Pinitos),3
26030,260300535,Sonora,Hermosillo,San Pedro o el Saucito (San Pedro el Saucito),245
26030,260300630,Sonora,Hermosillo,El Tazajal,5
26030,260300645,Sonora,Hermosillo,Topahue,1
26030,260300669,Sonora,Hermosillo,La Victoria,8
26030,260300681,Sonora,Hermosillo,Zamora,2
26030,260300756,Sonora,Hermosillo,Molino de Camou (San Isidro),1
26030,260300767,Sonora,Hermosillo,Fraccionamiento Chula Vista,1
26030,260300932,Sonora,Hermosillo,El Realito,1
26030,260301214,Sonora,Hermosillo,El Choyudo (Los Japoneses),27
26030,260301221,Sonora,Hermosillo,Las Conchas (Tortillería),1
26030,260301344,Sonora,Hermosillo,Crucero (Cuatro y Veintiséis),2
26030,260301355,Sonora,Hermosillo,Alejandría Uno,3
26030,260301406,Sonora,Hermosillo,El Alamito Buenavista (El Tronconal),2
26030,260301862,Sonora,Hermosillo,El Crucero (Cero Norte),2
26030,260301889,Sonora,Hermosillo,Estero Santa Cruz,2
26030,260302000,Sonora,Hermosillo,Santa Inés Dos (Pozo Nuevo),1
26030,260302832,Sonora,Hermosillo,La Cuesta [Viñedo],1
26030,260303004,Sonora,Hermosillo,Campestre Ejido la Yesca,1
26030,260303081,Sonora,Hermosillo,El Mezquital del Oro (El Águila),2
26030,260303095,Sonora,Hermosillo,La Habana Tres,1
26030,260303536,Sonora,Hermosillo,Santa Rita,1
26030,260303657,Sonora,Hermosillo,La Ventanita,2
26030,260303730,Sonora,Hermosillo,El Real del Catorce,1
26030,260303854,Sonora,Hermosillo,La Navidad,4
26030,260304084,Sonora,Hermosillo,Granja Pecuaria #7,1
26033,260330001,Sonora,Huatabampo,Huatabampo,2093
26033,260330002,Sonora,Huatabampo,Agiabampo Uno,58
26033,260330004,Sonora,Huatabampo,Las Ánimas,3
26033,260330011,Sonora,Huatabampo,Bachantahui,4
26033,260330013,Sonora,Huatabampo,Bachimojaqui,5
26033,260330017,Sonora,Huatabampo,Las Bocas,54
26033,260330020,Sonora,Huatabampo,Camahuiroa,9
26033,260330033,Sonora,Huatabampo,Estación Don,3
26033,260330040,Sonora,Huatabampo,Francisco Sarabia,2
26033,260330052,Sonora,Huatabampo,Júpare,2
26033,260330054,Sonora,Huatabampo,Loma de Etchoropo,50
26033,260330067,Sonora,Huatabampo,Moroncárit,49
26033,260330076,Sonora,Huatabampo,Pozo Dulce,2
26033,260330083,Sonora,Huatabampo,Sahuaral de Otero (Sahuaral de Abajo),1
26033,260330085,Sonora,Huatabampo,Sirebampo,44
26033,260330091,Sonora,Huatabampo,Tierra y Libertad,7
26033,260330094,Sonora,Huatabampo,La Unión,155
26033,260330095,Sonora,Huatabampo,24 de Febrero,1
26033,260330096,Sonora,Huatabampo,Venustiano Carranza,1
26033,260330099,Sonora,Huatabampo,Yavaros (Isla las Viejas),145
26033,260330107,Sonora,Huatabampo,10 de Abril,24
26033,260330108,Sonora,Huatabampo,Los Toltecas,2
26033,260330180,Sonora,Huatabampo,Agiabampo Número Dos (El Campito),11
26033,260330183,Sonora,Huatabampo,Emiliano Zapata Uno,1
26033,260330201,Sonora,Huatabampo,Playa Huatabampito,5
26033,260330210,Sonora,Huatabampo,El Riíto,1
26033,260330221,Sonora,Huatabampo,Playa Camahuiroa,1
26033,260330230,Sonora,Huatabampo,Mochibampo,17
26033,260330235,Sonora,Huatabampo,San Antonio,11
26033,260330255,Sonora,Huatabampo,Chapultepec,9
26033,260330355,Sonora,Huatabampo,Chichibojoro (Coteco),4
26033,260330357,Sonora,Huatabampo,Estación Fitopecuaria,2
26033,260330387,Sonora,Huatabampo,La Cochera,1
26033,260330435,Sonora,Huatabampo,Los Angelitos Reubicación,1
26033,260330444,Sonora,Huatabampo,La Curva de la Sávila,1
26042,260420001,Sonora,Navojoa,Navojoa,6126
26042,260420006,Sonora,Navojoa,Los Bahuises,2
26042,260420022,Sonora,Navojoa,Camoa,1
26042,260420024,Sonora,Navojoa,Capohuiza,1
26042,260420040,Sonora,Navojoa,Chibucú,1
26042,260420048,Sonora,Navojoa,Fundición,8
26042,260420052,Sonora,Navojoa,Guadalupe de Juárez,1
26042,260420055,Sonora,Navojoa,Guaymitas,1
26042,260420066,Sonora,Navojoa,Joaquín Amaro,1
26042,260420076,Sonora,Navojoa,Loma del Refugio,1
26042,260420079,Sonora,Navojoa,Masiaca,1
26042,260420118,Sonora,Navojoa,El Siviral,2
26042,260420124,Sonora,Navojoa,Tesia,2
26042,260420128,Sonora,Navojoa,Tierra Blanca,1
26042,260420135,Sonora,Navojoa,Sapochopo,2
26042,260420146,Sonora,Navojoa,Bacabachi,3
26042,260420156,Sonora,Navojoa,Punta de la Laguna,2
26042,260420209,Sonora,Navojoa,Agiabampo,1
26042,260420251,Sonora,Navojoa,Valle Buey,1
26042,260420380,Sonora,Navojoa,Santa María del Buaraje,1
26042,260420531,Sonora,Navojoa,Pueblo Mayo,84
26042,260420821,Sonora,Navojoa,Colegio del Pacífico,1
26047,260470001,Sonora,Pitiquito,Pitiquito,183
26047,260470065,Sonora,Pitiquito,Puerto Libertad,186
26048,260480001,Sonora,Puerto Peñasco,Puerto Peñasco,3730
26048,260480004,Sonora,Puerto Peñasco,Bahía la Choya,12
26048,260480090,Sonora,Puerto Peñasco,Las Conchas,4
26048,260480158,Sonora,Puerto Peñasco,Las Lágrimas,1
26055,260550001,Sonora,San Luis Río Colorado,San Luis Río Colorado,8041
26055,260550011,Sonora,San Luis Río Colorado,Golfo de Santa Clara,300
26055,260550014,Sonora,San Luis Río Colorado,Islita,2
26055,260550016,Sonora,San Luis Río Colorado,Lagunitas,2
26055,260550017,Sonora,San Luis Río Colorado,Ingeniero Luis B. Sánchez,251
26055,260550024,Sonora,San Luis Río Colorado,Pozas de Arvizu (La Reserva),2
26055,260550039,Sonora,San Luis Río Colorado,El Fronterizo,1
26055,260550311,Sonora,San Luis Río Colorado,El Welton,1
26055,260550364,Sonora,San Luis Río Colorado,El Barrote,1
26055,260550633,Sonora,San Luis Río Colorado,El Profesor,1
26071,260710001,Sonora,Benito Juárez,Villa Juárez,661
26071,260710003,Sonora,Benito Juárez,Agua Blanca,1
26071,260710104,Sonora,Benito Juárez,Jecopaco,53
26071,260710139,Sonora,Benito Juárez,Paredón Colorado (Paredón Viejo),115
26071,260710141,Sonora,Benito Juárez,Paredoncito,3
26072,260720001,Sonora,San Ignacio Río Muerto,San Ignacio Río Muerto,412
26072,260720017,Sonora,San Ignacio Río Muerto,Bahía de Lobos,111
26072,260720159,Sonora,San Ignacio Río Muerto,El Bateve,2
26072,260720166,Sonora,San Ignacio Río Muerto,San Francisco Río Muerto (Las Cachoras),1
31004,310040001,Yucatán,Baca,Baca,306
31011,310110001,Yucatán,Celestún,Celestún,606
31026,310260001,Yucatán,Dzemul,Dzemul,190
31026,310260004,Yucatán,Dzemul,San Bruno,1
31026,310260035,Yucatán,Dzemul,San Benito,1
31027,310270001,Yucatán,Dzidzantún,Dzidzantún,544
31027,310270002,Yucatán,Dzidzantún,San Francisco Manzanilla,1
31027,310270004,Yucatán,Dzidzantún,Santa Clara,2
31028,310280001,Yucatán,Dzilam de Bravo,Dzilam de Bravo,235
31029,310290001,Yucatán,Dzilam González,Dzilam González,374
31033,310330001,Yucatán,Halachó,Halachó,870
31033,310330002,Yucatán,Halachó,Cepeda,404
31038,310380001,Yucatán,Hunucmá,Hunucmá,1630
31038,310380003,Yucatán,Hunucmá,San Antonio Chel,1
31038,310380004,Yucatán,Hunucmá,Sisal,10
31038,310380005,Yucatán,Hunucmá,Texán de Palomeque,107
31039,310390001,Yucatán,Ixil,Ixil,276
31048,310480001,Yucatán,Maxcanú,Maxcanú,866
31048,310480020,Yucatán,Maxcanú,Santa Rosa (Santa Rosa de Lima),1
31052,310520001,Yucatán,Motul,Motul de Carrillo Puerto,1903
31052,310520008,Yucatán,Motul,Kopté,1
31057,310570001,Yucatán,Panabá,Panabá,391
31059,310590001,Yucatán,Progreso,Progreso,2584
31059,310590003,Yucatán,Progreso,Chelem,258
31059,310590004,Yucatán,Progreso,Chicxulub (Chicxulub Puerto),275
31059,310590005,Yucatán,Progreso,Chuburná,138
31059,310590009,Yucatán,Progreso,San Ignacio,1
31059,310590026,Yucatán,Progreso,Campestre Flamboyanes,170
31059,310590078,Yucatán,Progreso,El Paraíso,5
31061,310610001,Yucatán,Río Lagartos,Río Lagartos,175
31061,310610002,Yucatán,Río Lagartos,Las Coloradas,2
31065,310650001,Yucatán,San Felipe,San Felipe,118
31068,310680001,Yucatán,Sinanché,Sinanché,129
31068,310680003,Yucatán,Sinanché,San Crisanto,2
31082,310820001,Yucatán,Telchac Pueblo,Telchac,243
31083,310830001,Yucatán,Telchac Puerto,Telchac Puerto,203
31096,310960001,Yucatán,Tizimín,Tizimín,3606
31096,310960008,Yucatán,Tizimín,Colonia Yucatán,3
31096,310960009,Yucatán,Tizimín,El Cuyo,6
31096,310960034,Yucatán,Tizimín,Popolnáh,345
31096,310960071,Yucatán,Tizimín,Tixcancal,1
31100,311000001,Yucatán,Ucú,Ucú,131
31100,311000003,Yucatán,Ucú,Yaxché de Peón,1
31106,311060001,Yucatán,Yobaín,Yobaín,87
31106,311060002,Yucatán,Yobaín,Chabihau,1
